"""ID""","""??""","""??""","""Difficult""","""Level""","""FightLogic1""","""FightLogic2""","""FightLogic3""","""FightLogic4""","""FightLogic5""","""BossID"""
1,,,0,1,FightLogic_Boss_Normal_Fish_FF,FightLogic_Boss_Normal_Fish_FB,FightLogic_Boss_Normal_Fish_FM,FightLogic_Boss_Normal_Fish_FM,FightLogic_Boss_Single,101
2,,,0,1,FightLogic_Boss_Normal_Fish_FF,FightLogic_Boss_Normal_Fish_FB,FightLogic_Boss_Normal_Fish_FM,FightLogic_Boss_Normal_Fish_FM,FightLogic_Boss_Single,102
3,,,0,1,FightLogic_Boss_Normal_Fish_FF,FightLogic_Boss_Normal_Fish_FB,FightLogic_Boss_Normal_Fish_FM,FightLogic_Boss_Normal_Fish_FM,FightLogic_Boss_Single,103
4,,,0,1,FightLogic_Boss_Normal_Fish_FF,FightLogic_Boss_Normal_Fish_FB,FightLogic_Boss_Normal_Fish_FM,FightLogic_Boss_Normal_Fish_FM,FightLogic_Boss_Single,104
5,,,0,1,FightLogic_Boss_Normal_Fish_FF,FightLogic_Boss_Normal_Fish_FB,FightLogic_Boss_Normal_Fish_FM,FightLogic_Boss_Normal_Fish_FM,FightLogic_Boss_Single,105
6,,,0,1,FightLogic_Boss_Normal_Fish_FF,FightLogic_Boss_Normal_Fish_FB,FightLogic_Boss_Normal_Fish_FM,FightLogic_Boss_Normal_Fish_FM,FightLogic_Boss_Single,106
7,,,0,1,FightLogic_Boss_Normal_Fish_FF,FightLogic_Boss_Normal_Fish_FB,FightLogic_Boss_Normal_Fish_FM,FightLogic_Boss_Normal_Fish_FM,FightLogic_Boss_Single,107
8,,,0,1,FightLogic_Boss_Normal_Fish_FF,FightLogic_Boss_Normal_Fish_FB,FightLogic_Boss_Normal_Fish_FM,FightLogic_Boss_Normal_Fish_FM,FightLogic_Boss_Single,108
9,,,0,1,FightLogic_Boss_Normal_Fish_FF,FightLogic_Boss_Normal_Fish_FB,FightLogic_Boss_Normal_Fish_FM,FightLogic_Boss_Normal_Fish_FM,FightLogic_Boss_Single,109
10,,,0,1,FightLogic_Boss_Normal_Fish_FF,FightLogic_Boss_Normal_Fish_FB,FightLogic_Boss_Normal_Fish_FM,FightLogic_Boss_Normal_Fish_FM,FightLogic_Boss_Single,110
11,,,0,1,FightLogic_Boss_Normal_Fish_MF,FightLogic_Boss_Normal_Fish_MB,FightLogic_Boss_Normal_Fish_MM,FightLogic_Boss_Normal_Fish_MM,FightLogic_Boss_Single,111
12,,,0,1,FightLogic_Boss_Normal_Fish_MF,FightLogic_Boss_Normal_Fish_MB,FightLogic_Boss_Normal_Fish_MM,FightLogic_Boss_Normal_Fish_MM,FightLogic_Boss_Single,112
13,,,0,1,FightLogic_Boss_Normal_Fish_MF,FightLogic_Boss_Normal_Fish_MB,FightLogic_Boss_Normal_Fish_MM,FightLogic_Boss_Normal_Fish_MM,FightLogic_Boss_Single,113
14,,,0,1,FightLogic_Boss_Normal_Fish_MF,FightLogic_Boss_Normal_Fish_MB,FightLogic_Boss_Normal_Fish_MM,FightLogic_Boss_Normal_Fish_MM,FightLogic_Boss_Single,114
15,,,0,1,FightLogic_Boss_Normal_Fish_MF,FightLogic_Boss_Normal_Fish_MB,FightLogic_Boss_Normal_Fish_MM,FightLogic_Boss_Normal_Fish_MM,FightLogic_Boss_Single,115
16,,,0,1,FightLogic_Boss_Normal_Fish_MF,FightLogic_Boss_Normal_Fish_MB,FightLogic_Boss_Normal_Fish_MM,FightLogic_Boss_Normal_Fish_MM,FightLogic_Boss_Single,116
17,,,0,1,FightLogic_Boss_Normal_Fish_MF,FightLogic_Boss_Normal_Fish_MB,FightLogic_Boss_Normal_Fish_MM,FightLogic_Boss_Normal_Fish_MM,FightLogic_Boss_Single,117
18,,,0,1,FightLogic_Boss_Normal_Fish_MF,FightLogic_Boss_Normal_Fish_MB,FightLogic_Boss_Normal_Fish_MM,FightLogic_Boss_Normal_Fish_MM,FightLogic_Boss_Single,118
19,,,0,1,FightLogic_Boss_Normal_Fish_MF,FightLogic_Boss_Normal_Fish_MB,FightLogic_Boss_Normal_Fish_MM,FightLogic_Boss_Normal_Fish_MM,FightLogic_Boss_Single,119
20,,,0,1,FightLogic_Boss_Normal_Fish_MF,FightLogic_Boss_Normal_Fish_MB,FightLogic_Boss_Normal_Fish_MM,FightLogic_Boss_Normal_Fish_MM,FightLogic_Boss_Single,120
21,,,1,1,FightLogic_Boss_Normal_Fish_FF2,FightLogic_Boss_Normal_Fish_FB2,FightLogic_Boss_Normal_Fish_FM2,FightLogic_Boss_Normal_Fish_FM2,FightLogic_Boss_Single,101
22,,,1,1,FightLogic_Boss_Normal_Fish_FF2,FightLogic_Boss_Normal_Fish_FB2,FightLogic_Boss_Normal_Fish_FM2,FightLogic_Boss_Normal_Fish_FM2,FightLogic_Boss_Single,102
23,,,1,1,FightLogic_Boss_Normal_Fish_FF2,FightLogic_Boss_Normal_Fish_FB2,FightLogic_Boss_Normal_Fish_FM2,FightLogic_Boss_Normal_Fish_FM2,FightLogic_Boss_Single,103
24,,,1,1,FightLogic_Boss_Normal_Fish_FF2,FightLogic_Boss_Normal_Fish_FB2,FightLogic_Boss_Normal_Fish_FM2,FightLogic_Boss_Normal_Fish_FM2,FightLogic_Boss_Single,104
25,,,1,1,FightLogic_Boss_Normal_Fish_FF2,FightLogic_Boss_Normal_Fish_FB2,FightLogic_Boss_Normal_Fish_FM2,FightLogic_Boss_Normal_Fish_FM2,FightLogic_Boss_Single,105
26,,,1,1,FightLogic_Boss_Normal_Fish_FF2,FightLogic_Boss_Normal_Fish_FB2,FightLogic_Boss_Normal_Fish_FM2,FightLogic_Boss_Normal_Fish_FM2,FightLogic_Boss_Single,106
27,,,1,1,FightLogic_Boss_Normal_Fish_FF2,FightLogic_Boss_Normal_Fish_FB2,FightLogic_Boss_Normal_Fish_FM2,FightLogic_Boss_Normal_Fish_FM2,FightLogic_Boss_Single,107
28,,,1,1,FightLogic_Boss_Normal_Fish_FF2,FightLogic_Boss_Normal_Fish_FB2,FightLogic_Boss_Normal_Fish_FM2,FightLogic_Boss_Normal_Fish_FM2,FightLogic_Boss_Single,108
29,,,1,1,FightLogic_Boss_Normal_Fish_FF2,FightLogic_Boss_Normal_Fish_FB2,FightLogic_Boss_Normal_Fish_FM2,FightLogic_Boss_Normal_Fish_FM2,FightLogic_Boss_Single,109
30,,,1,1,FightLogic_Boss_Normal_Fish_FF2,FightLogic_Boss_Normal_Fish_FB2,FightLogic_Boss_Normal_Fish_FM2,FightLogic_Boss_Normal_Fish_FM2,FightLogic_Boss_Single,110
31,,,1,1,FightLogic_Boss_Normal_Fish_MF2,FightLogic_Boss_Normal_Fish_MB2,FightLogic_Boss_Normal_Fish_MM2,FightLogic_Boss_Normal_Fish_MM2,FightLogic_Boss_Single,111
32,,,1,1,FightLogic_Boss_Normal_Fish_MF2,FightLogic_Boss_Normal_Fish_MB2,FightLogic_Boss_Normal_Fish_MM2,FightLogic_Boss_Normal_Fish_MM2,FightLogic_Boss_Single,112
33,,,1,1,FightLogic_Boss_Normal_Fish_MF2,FightLogic_Boss_Normal_Fish_MB2,FightLogic_Boss_Normal_Fish_MM2,FightLogic_Boss_Normal_Fish_MM2,FightLogic_Boss_Single,113
34,,,1,1,FightLogic_Boss_Normal_Fish_MF2,FightLogic_Boss_Normal_Fish_MB2,FightLogic_Boss_Normal_Fish_MM2,FightLogic_Boss_Normal_Fish_MM2,FightLogic_Boss_Single,114
35,,,1,1,FightLogic_Boss_Normal_Fish_MF2,FightLogic_Boss_Normal_Fish_MB2,FightLogic_Boss_Normal_Fish_MM2,FightLogic_Boss_Normal_Fish_MM2,FightLogic_Boss_Single,115
36,,,1,1,FightLogic_Boss_Normal_Fish_MF2,FightLogic_Boss_Normal_Fish_MB2,FightLogic_Boss_Normal_Fish_MM2,FightLogic_Boss_Normal_Fish_MM2,FightLogic_Boss_Single,116
37,,,1,1,FightLogic_Boss_Normal_Fish_MF2,FightLogic_Boss_Normal_Fish_MB2,FightLogic_Boss_Normal_Fish_MM2,FightLogic_Boss_Normal_Fish_MM2,FightLogic_Boss_Single,117
38,,,1,1,FightLogic_Boss_Normal_Fish_MF2,FightLogic_Boss_Normal_Fish_MB2,FightLogic_Boss_Normal_Fish_MM2,FightLogic_Boss_Normal_Fish_MM2,FightLogic_Boss_Single,118
39,,,1,1,FightLogic_Boss_Normal_Fish_MF2,FightLogic_Boss_Normal_Fish_MB2,FightLogic_Boss_Normal_Fish_MM2,FightLogic_Boss_Normal_Fish_MM2,FightLogic_Boss_Single,119
40,,,1,1,FightLogic_Boss_Normal_Fish_MF2,FightLogic_Boss_Normal_Fish_MB2,FightLogic_Boss_Normal_Fish_MM2,FightLogic_Boss_Normal_Fish_MM2,FightLogic_Boss_Single,120
41,,,2,1,FightLogic_Boss_Normal_Fish_MFEX1,FightLogic_Boss_Normal_Fish_MBEX1,FightLogic_Boss_Normal_Fish_MMEX1,FightLogic_Boss_Normal_Fish_MMEX1,FightLogic_Boss_Single,101
42,,,2,1,FightLogic_Boss_Normal_Fish_MFEX1,FightLogic_Boss_Normal_Fish_MBEX1,FightLogic_Boss_Normal_Fish_MMEX1,FightLogic_Boss_Normal_Fish_MMEX1,FightLogic_Boss_Single,102
43,,,2,1,FightLogic_Boss_Normal_Fish_MFEX1,FightLogic_Boss_Normal_Fish_MBEX1,FightLogic_Boss_Normal_Fish_MMEX1,FightLogic_Boss_Normal_Fish_MMEX1,FightLogic_Boss_Single,103
44,,,2,1,FightLogic_Boss_Normal_Fish_MFEX1,FightLogic_Boss_Normal_Fish_MBEX1,FightLogic_Boss_Normal_Fish_MMEX1,FightLogic_Boss_Normal_Fish_MMEX1,FightLogic_Boss_Single,104
45,,,2,1,FightLogic_Boss_Normal_Fish_MFEX1,FightLogic_Boss_Normal_Fish_MBEX1,FightLogic_Boss_Normal_Fish_MMEX1,FightLogic_Boss_Normal_Fish_MMEX1,FightLogic_Boss_Single,105
46,,,2,1,FightLogic_Boss_Normal_Fish_MFEX1,FightLogic_Boss_Normal_Fish_MBEX1,FightLogic_Boss_Normal_Fish_MMEX1,FightLogic_Boss_Normal_Fish_MMEX1,FightLogic_Boss_Single,106
47,,,2,1,FightLogic_Boss_Normal_Fish_MFEX1,FightLogic_Boss_Normal_Fish_MBEX1,FightLogic_Boss_Normal_Fish_MMEX1,FightLogic_Boss_Normal_Fish_MMEX1,FightLogic_Boss_Single,107
48,,,2,1,FightLogic_Boss_Normal_Fish_MFEX1,FightLogic_Boss_Normal_Fish_MBEX1,FightLogic_Boss_Normal_Fish_MMEX1,FightLogic_Boss_Normal_Fish_MMEX1,FightLogic_Boss_Single,108
49,,,2,1,FightLogic_Boss_Normal_Fish_MFEX1,FightLogic_Boss_Normal_Fish_MBEX1,FightLogic_Boss_Normal_Fish_MMEX1,FightLogic_Boss_Normal_Fish_MMEX1,FightLogic_Boss_Single,109
50,,,2,1,FightLogic_Boss_Normal_Fish_MFEX1,FightLogic_Boss_Normal_Fish_MBEX1,FightLogic_Boss_Normal_Fish_MMEX1,FightLogic_Boss_Normal_Fish_MMEX1,FightLogic_Boss_Single,110
51,,,2,1,FightLogic_Boss_Normal_Fish_MFEX1,FightLogic_Boss_Normal_Fish_MBEX1,FightLogic_Boss_Normal_Fish_MMEX1,FightLogic_Boss_Normal_Fish_MMEX1,FightLogic_Boss_Single,111
52,,,2,1,FightLogic_Boss_Normal_Fish_MFEX1,FightLogic_Boss_Normal_Fish_MBEX1,FightLogic_Boss_Normal_Fish_MMEX1,FightLogic_Boss_Normal_Fish_MMEX1,FightLogic_Boss_Single,112
53,,,2,1,FightLogic_Boss_Normal_Fish_MFEX1,FightLogic_Boss_Normal_Fish_MBEX1,FightLogic_Boss_Normal_Fish_MMEX1,FightLogic_Boss_Normal_Fish_MMEX1,FightLogic_Boss_Single,113
54,,,2,1,FightLogic_Boss_Normal_Fish_MFEX1,FightLogic_Boss_Normal_Fish_MBEX1,FightLogic_Boss_Normal_Fish_MMEX1,FightLogic_Boss_Normal_Fish_MMEX1,FightLogic_Boss_Single,114
55,,,2,1,FightLogic_Boss_Normal_Fish_MFEX1,FightLogic_Boss_Normal_Fish_MBEX1,FightLogic_Boss_Normal_Fish_MMEX1,FightLogic_Boss_Normal_Fish_MMEX1,FightLogic_Boss_Single,115
56,,,2,1,FightLogic_Boss_Normal_Fish_MFEX1,FightLogic_Boss_Normal_Fish_MBEX1,FightLogic_Boss_Normal_Fish_MMEX1,FightLogic_Boss_Normal_Fish_MMEX1,FightLogic_Boss_Single,116
57,,,2,1,FightLogic_Boss_Normal_Fish_MFEX1,FightLogic_Boss_Normal_Fish_MBEX1,FightLogic_Boss_Normal_Fish_MMEX1,FightLogic_Boss_Normal_Fish_MMEX1,FightLogic_Boss_Single,117
58,,,2,1,FightLogic_Boss_Normal_Fish_MFEX1,FightLogic_Boss_Normal_Fish_MBEX1,FightLogic_Boss_Normal_Fish_MMEX1,FightLogic_Boss_Normal_Fish_MMEX1,FightLogic_Boss_Single,118
59,,,2,1,FightLogic_Boss_Normal_Fish_MFEX1,FightLogic_Boss_Normal_Fish_MBEX1,FightLogic_Boss_Normal_Fish_MMEX1,FightLogic_Boss_Normal_Fish_MMEX1,FightLogic_Boss_Single,119
60,,,2,1,FightLogic_Boss_Normal_Fish_MFEX1,FightLogic_Boss_Normal_Fish_MBEX1,FightLogic_Boss_Normal_Fish_MMEX1,FightLogic_Boss_Normal_Fish_MMEX1,FightLogic_Boss_Single,120
61,,,3,1,FightLogic_Boss_Normal_Fish_OnlyEx,FightLogic_Boss_Normal_Fish_MFEX2,FightLogic_Boss_Normal_Fish_MBEX2,FightLogic_Boss_Normal_Fish_MMEX2,FightLogic_Boss_Single,101
62,,,3,1,FightLogic_Boss_Normal_Fish_OnlyEx,FightLogic_Boss_Normal_Fish_MFEX2,FightLogic_Boss_Normal_Fish_MBEX2,FightLogic_Boss_Normal_Fish_MMEX2,FightLogic_Boss_Single,102
63,,,3,1,FightLogic_Boss_Normal_Fish_OnlyEx,FightLogic_Boss_Normal_Fish_MFEX2,FightLogic_Boss_Normal_Fish_MBEX2,FightLogic_Boss_Normal_Fish_MMEX2,FightLogic_Boss_Single,103
64,,,3,1,FightLogic_Boss_Normal_Fish_OnlyEx,FightLogic_Boss_Normal_Fish_MFEX2,FightLogic_Boss_Normal_Fish_MBEX2,FightLogic_Boss_Normal_Fish_MMEX2,FightLogic_Boss_Single,104
65,,,3,1,FightLogic_Boss_Normal_Fish_OnlyEx,FightLogic_Boss_Normal_Fish_MFEX2,FightLogic_Boss_Normal_Fish_MBEX2,FightLogic_Boss_Normal_Fish_MMEX2,FightLogic_Boss_Single,105
66,,,3,1,FightLogic_Boss_Normal_Fish_OnlyEx,FightLogic_Boss_Normal_Fish_MFEX2,FightLogic_Boss_Normal_Fish_MBEX2,FightLogic_Boss_Normal_Fish_MMEX2,FightLogic_Boss_Single,106
67,,,3,1,FightLogic_Boss_Normal_Fish_OnlyEx,FightLogic_Boss_Normal_Fish_MFEX2,FightLogic_Boss_Normal_Fish_MBEX2,FightLogic_Boss_Normal_Fish_MMEX2,FightLogic_Boss_Single,107
68,,,3,1,FightLogic_Boss_Normal_Fish_OnlyEx,FightLogic_Boss_Normal_Fish_MFEX2,FightLogic_Boss_Normal_Fish_MBEX2,FightLogic_Boss_Normal_Fish_MMEX2,FightLogic_Boss_Single,108
69,,,3,1,FightLogic_Boss_Normal_Fish_OnlyEx,FightLogic_Boss_Normal_Fish_MFEX2,FightLogic_Boss_Normal_Fish_MBEX2,FightLogic_Boss_Normal_Fish_MMEX2,FightLogic_Boss_Single,109
70,,,3,1,FightLogic_Boss_Normal_Fish_OnlyEx,FightLogic_Boss_Normal_Fish_MFEX2,FightLogic_Boss_Normal_Fish_MBEX2,FightLogic_Boss_Normal_Fish_MMEX2,FightLogic_Boss_Single,110
71,,,3,1,FightLogic_Boss_Normal_Fish_OnlyEx,FightLogic_Boss_Normal_Fish_MFEX2,FightLogic_Boss_Normal_Fish_MBEX2,FightLogic_Boss_Normal_Fish_MMEX2,FightLogic_Boss_Single,111
72,,,3,1,FightLogic_Boss_Normal_Fish_OnlyEx,FightLogic_Boss_Normal_Fish_MFEX2,FightLogic_Boss_Normal_Fish_MBEX2,FightLogic_Boss_Normal_Fish_MMEX2,FightLogic_Boss_Single,112
73,,,3,1,FightLogic_Boss_Normal_Fish_OnlyEx,FightLogic_Boss_Normal_Fish_MFEX2,FightLogic_Boss_Normal_Fish_MBEX2,FightLogic_Boss_Normal_Fish_MMEX2,FightLogic_Boss_Single,113
74,,,3,1,FightLogic_Boss_Normal_Fish_OnlyEx,FightLogic_Boss_Normal_Fish_MFEX2,FightLogic_Boss_Normal_Fish_MBEX2,FightLogic_Boss_Normal_Fish_MMEX2,FightLogic_Boss_Single,114
75,,,3,1,FightLogic_Boss_Normal_Fish_OnlyEx,FightLogic_Boss_Normal_Fish_MFEX2,FightLogic_Boss_Normal_Fish_MBEX2,FightLogic_Boss_Normal_Fish_MMEX2,FightLogic_Boss_Single,115
76,,,3,1,FightLogic_Boss_Normal_Fish_OnlyEx,FightLogic_Boss_Normal_Fish_MFEX2,FightLogic_Boss_Normal_Fish_MBEX2,FightLogic_Boss_Normal_Fish_MMEX2,FightLogic_Boss_Single,116
77,,,3,1,FightLogic_Boss_Normal_Fish_OnlyEx,FightLogic_Boss_Normal_Fish_MFEX2,FightLogic_Boss_Normal_Fish_MBEX2,FightLogic_Boss_Normal_Fish_MMEX2,FightLogic_Boss_Single,117
78,,,3,1,FightLogic_Boss_Normal_Fish_OnlyEx,FightLogic_Boss_Normal_Fish_MFEX2,FightLogic_Boss_Normal_Fish_MBEX2,FightLogic_Boss_Normal_Fish_MMEX2,FightLogic_Boss_Single,118
79,,,3,1,FightLogic_Boss_Normal_Fish_OnlyEx,FightLogic_Boss_Normal_Fish_MFEX2,FightLogic_Boss_Normal_Fish_MBEX2,FightLogic_Boss_Normal_Fish_MMEX2,FightLogic_Boss_Single,119
80,,,3,1,FightLogic_Boss_Normal_Fish_OnlyEx,FightLogic_Boss_Normal_Fish_MFEX2,FightLogic_Boss_Normal_Fish_MBEX2,FightLogic_Boss_Normal_Fish_MMEX2,FightLogic_Boss_Single,120
81,,,4,1,FightLogic_Boss_Normal_Fish_OnlyEx,FightLogic_Boss_Normal_Fish_MFEX3,FightLogic_Boss_Normal_Fish_MBEX3,FightLogic_Boss_Normal_Fish_MMEX3,FightLogic_Boss_Single,101
82,,,4,1,FightLogic_Boss_Normal_Fish_OnlyEx,FightLogic_Boss_Normal_Fish_MFEX3,FightLogic_Boss_Normal_Fish_MBEX3,FightLogic_Boss_Normal_Fish_MMEX3,FightLogic_Boss_Single,102
83,,,4,1,FightLogic_Boss_Normal_Fish_OnlyEx,FightLogic_Boss_Normal_Fish_MFEX3,FightLogic_Boss_Normal_Fish_MBEX3,FightLogic_Boss_Normal_Fish_MMEX3,FightLogic_Boss_Single,103
84,,,4,1,FightLogic_Boss_Normal_Fish_OnlyEx,FightLogic_Boss_Normal_Fish_MFEX3,FightLogic_Boss_Normal_Fish_MBEX3,FightLogic_Boss_Normal_Fish_MMEX3,FightLogic_Boss_Single,104
85,,,4,1,FightLogic_Boss_Normal_Fish_OnlyEx,FightLogic_Boss_Normal_Fish_MFEX3,FightLogic_Boss_Normal_Fish_MBEX3,FightLogic_Boss_Normal_Fish_MMEX3,FightLogic_Boss_Single,105
86,,,4,1,FightLogic_Boss_Normal_Fish_OnlyEx,FightLogic_Boss_Normal_Fish_MFEX3,FightLogic_Boss_Normal_Fish_MBEX3,FightLogic_Boss_Normal_Fish_MMEX3,FightLogic_Boss_Single,106
87,,,4,1,FightLogic_Boss_Normal_Fish_OnlyEx,FightLogic_Boss_Normal_Fish_MFEX3,FightLogic_Boss_Normal_Fish_MBEX3,FightLogic_Boss_Normal_Fish_MMEX3,FightLogic_Boss_Single,107
88,,,4,1,FightLogic_Boss_Normal_Fish_OnlyEx,FightLogic_Boss_Normal_Fish_MFEX3,FightLogic_Boss_Normal_Fish_MBEX3,FightLogic_Boss_Normal_Fish_MMEX3,FightLogic_Boss_Single,108
89,,,4,1,FightLogic_Boss_Normal_Fish_OnlyEx,FightLogic_Boss_Normal_Fish_MFEX3,FightLogic_Boss_Normal_Fish_MBEX3,FightLogic_Boss_Normal_Fish_MMEX3,FightLogic_Boss_Single,109
90,,,4,1,FightLogic_Boss_Normal_Fish_OnlyEx,FightLogic_Boss_Normal_Fish_MFEX3,FightLogic_Boss_Normal_Fish_MBEX3,FightLogic_Boss_Normal_Fish_MMEX3,FightLogic_Boss_Single,110
91,,,4,1,FightLogic_Boss_Normal_Fish_OnlyEx,FightLogic_Boss_Normal_Fish_MFEX3,FightLogic_Boss_Normal_Fish_MBEX3,FightLogic_Boss_Normal_Fish_MMEX3,FightLogic_Boss_Single,111
92,,,4,1,FightLogic_Boss_Normal_Fish_OnlyEx,FightLogic_Boss_Normal_Fish_MFEX3,FightLogic_Boss_Normal_Fish_MBEX3,FightLogic_Boss_Normal_Fish_MMEX3,FightLogic_Boss_Single,112
93,,,4,1,FightLogic_Boss_Normal_Fish_OnlyEx,FightLogic_Boss_Normal_Fish_MFEX3,FightLogic_Boss_Normal_Fish_MBEX3,FightLogic_Boss_Normal_Fish_MMEX3,FightLogic_Boss_Single,113
94,,,4,1,FightLogic_Boss_Normal_Fish_OnlyEx,FightLogic_Boss_Normal_Fish_MFEX3,FightLogic_Boss_Normal_Fish_MBEX3,FightLogic_Boss_Normal_Fish_MMEX3,FightLogic_Boss_Single,114
95,,,4,1,FightLogic_Boss_Normal_Fish_OnlyEx,FightLogic_Boss_Normal_Fish_MFEX3,FightLogic_Boss_Normal_Fish_MBEX3,FightLogic_Boss_Normal_Fish_MMEX3,FightLogic_Boss_Single,115
96,,,4,1,FightLogic_Boss_Normal_Fish_OnlyEx,FightLogic_Boss_Normal_Fish_MFEX3,FightLogic_Boss_Normal_Fish_MBEX3,FightLogic_Boss_Normal_Fish_MMEX3,FightLogic_Boss_Single,116
97,,,4,1,FightLogic_Boss_Normal_Fish_OnlyEx,FightLogic_Boss_Normal_Fish_MFEX3,FightLogic_Boss_Normal_Fish_MBEX3,FightLogic_Boss_Normal_Fish_MMEX3,FightLogic_Boss_Single,117
98,,,4,1,FightLogic_Boss_Normal_Fish_OnlyEx,FightLogic_Boss_Normal_Fish_MFEX3,FightLogic_Boss_Normal_Fish_MBEX3,FightLogic_Boss_Normal_Fish_MMEX3,FightLogic_Boss_Single,118
99,,,4,1,FightLogic_Boss_Normal_Fish_OnlyEx,FightLogic_Boss_Normal_Fish_MFEX3,FightLogic_Boss_Normal_Fish_MBEX3,FightLogic_Boss_Normal_Fish_MMEX3,FightLogic_Boss_Single,119
100,,,4,1,FightLogic_Boss_Normal_Fish_OnlyEx,FightLogic_Boss_Normal_Fish_MFEX3,FightLogic_Boss_Normal_Fish_MBEX3,FightLogic_Boss_Normal_Fish_MMEX3,FightLogic_Boss_Single,120
101,,,5,1,FightLogic_Boss_Normal_Fish_OnlyEx,FightLogic_Boss_Normal_Fish_MFEX4,FightLogic_Boss_Normal_Fish_MBEX4,FightLogic_Boss_Normal_Fish_MMEX4,FightLogic_Boss_Single,101
102,,,5,1,FightLogic_Boss_Normal_Fish_OnlyEx,FightLogic_Boss_Normal_Fish_MFEX4,FightLogic_Boss_Normal_Fish_MBEX4,FightLogic_Boss_Normal_Fish_MMEX4,FightLogic_Boss_Single,102
103,,,5,1,FightLogic_Boss_Normal_Fish_OnlyEx,FightLogic_Boss_Normal_Fish_MFEX4,FightLogic_Boss_Normal_Fish_MBEX4,FightLogic_Boss_Normal_Fish_MMEX4,FightLogic_Boss_Single,103
104,,,5,1,FightLogic_Boss_Normal_Fish_OnlyEx,FightLogic_Boss_Normal_Fish_MFEX4,FightLogic_Boss_Normal_Fish_MBEX4,FightLogic_Boss_Normal_Fish_MMEX4,FightLogic_Boss_Single,104
105,,,5,1,FightLogic_Boss_Normal_Fish_OnlyEx,FightLogic_Boss_Normal_Fish_MFEX4,FightLogic_Boss_Normal_Fish_MBEX4,FightLogic_Boss_Normal_Fish_MMEX4,FightLogic_Boss_Single,105
106,,,5,1,FightLogic_Boss_Normal_Fish_OnlyEx,FightLogic_Boss_Normal_Fish_MFEX4,FightLogic_Boss_Normal_Fish_MBEX4,FightLogic_Boss_Normal_Fish_MMEX4,FightLogic_Boss_Single,106
107,,,5,1,FightLogic_Boss_Normal_Fish_OnlyEx,FightLogic_Boss_Normal_Fish_MFEX4,FightLogic_Boss_Normal_Fish_MBEX4,FightLogic_Boss_Normal_Fish_MMEX4,FightLogic_Boss_Single,107
108,,,5,1,FightLogic_Boss_Normal_Fish_OnlyEx,FightLogic_Boss_Normal_Fish_MFEX4,FightLogic_Boss_Normal_Fish_MBEX4,FightLogic_Boss_Normal_Fish_MMEX4,FightLogic_Boss_Single,108
109,,,5,1,FightLogic_Boss_Normal_Fish_OnlyEx,FightLogic_Boss_Normal_Fish_MFEX4,FightLogic_Boss_Normal_Fish_MBEX4,FightLogic_Boss_Normal_Fish_MMEX4,FightLogic_Boss_Single,109
110,,,5,1,FightLogic_Boss_Normal_Fish_OnlyEx,FightLogic_Boss_Normal_Fish_MFEX4,FightLogic_Boss_Normal_Fish_MBEX4,FightLogic_Boss_Normal_Fish_MMEX4,FightLogic_Boss_Single,110
111,,,5,1,FightLogic_Boss_Normal_Fish_OnlyEx,FightLogic_Boss_Normal_Fish_MFEX4,FightLogic_Boss_Normal_Fish_MBEX4,FightLogic_Boss_Normal_Fish_MMEX4,FightLogic_Boss_Single,111
112,,,5,1,FightLogic_Boss_Normal_Fish_OnlyEx,FightLogic_Boss_Normal_Fish_MFEX4,FightLogic_Boss_Normal_Fish_MBEX4,FightLogic_Boss_Normal_Fish_MMEX4,FightLogic_Boss_Single,112
113,,,5,1,FightLogic_Boss_Normal_Fish_OnlyEx,FightLogic_Boss_Normal_Fish_MFEX4,FightLogic_Boss_Normal_Fish_MBEX4,FightLogic_Boss_Normal_Fish_MMEX4,FightLogic_Boss_Single,113
114,,,5,1,FightLogic_Boss_Normal_Fish_OnlyEx,FightLogic_Boss_Normal_Fish_MFEX4,FightLogic_Boss_Normal_Fish_MBEX4,FightLogic_Boss_Normal_Fish_MMEX4,FightLogic_Boss_Single,114
115,,,5,1,FightLogic_Boss_Normal_Fish_OnlyEx,FightLogic_Boss_Normal_Fish_MFEX4,FightLogic_Boss_Normal_Fish_MBEX4,FightLogic_Boss_Normal_Fish_MMEX4,FightLogic_Boss_Single,115
116,,,5,1,FightLogic_Boss_Normal_Fish_OnlyEx,FightLogic_Boss_Normal_Fish_MFEX4,FightLogic_Boss_Normal_Fish_MBEX4,FightLogic_Boss_Normal_Fish_MMEX4,FightLogic_Boss_Single,116
117,,,5,1,FightLogic_Boss_Normal_Fish_OnlyEx,FightLogic_Boss_Normal_Fish_MFEX4,FightLogic_Boss_Normal_Fish_MBEX4,FightLogic_Boss_Normal_Fish_MMEX4,FightLogic_Boss_Single,117
118,,,5,1,FightLogic_Boss_Normal_Fish_OnlyEx,FightLogic_Boss_Normal_Fish_MFEX4,FightLogic_Boss_Normal_Fish_MBEX4,FightLogic_Boss_Normal_Fish_MMEX4,FightLogic_Boss_Single,118
119,,,5,1,FightLogic_Boss_Normal_Fish_OnlyEx,FightLogic_Boss_Normal_Fish_MFEX4,FightLogic_Boss_Normal_Fish_MBEX4,FightLogic_Boss_Normal_Fish_MMEX4,FightLogic_Boss_Single,119
120,,,5,1,FightLogic_Boss_Normal_Fish_OnlyEx,FightLogic_Boss_Normal_Fish_MFEX4,FightLogic_Boss_Normal_Fish_MBEX4,FightLogic_Boss_Normal_Fish_MMEX4,FightLogic_Boss_Single,120
121,,,6,1,FightLogic_Boss_Normal_Fish_OnlyEx,FightLogic_Boss_Normal_Fish_MFEX5,FightLogic_Boss_Normal_Fish_MBEX5,FightLogic_Boss_Normal_Fish_MMEX5,FightLogic_Boss_With_Normal,101
122,,,6,1,FightLogic_Boss_Normal_Fish_OnlyEx,FightLogic_Boss_Normal_Fish_MFEX5,FightLogic_Boss_Normal_Fish_MBEX5,FightLogic_Boss_Normal_Fish_MMEX5,FightLogic_Boss_With_Normal,102
123,,,6,1,FightLogic_Boss_Normal_Fish_OnlyEx,FightLogic_Boss_Normal_Fish_MFEX5,FightLogic_Boss_Normal_Fish_MBEX5,FightLogic_Boss_Normal_Fish_MMEX5,FightLogic_Boss_With_Normal,103
124,,,6,1,FightLogic_Boss_Normal_Fish_OnlyEx,FightLogic_Boss_Normal_Fish_MFEX5,FightLogic_Boss_Normal_Fish_MBEX5,FightLogic_Boss_Normal_Fish_MMEX5,FightLogic_Boss_With_Normal,104
125,,,6,1,FightLogic_Boss_Normal_Fish_OnlyEx,FightLogic_Boss_Normal_Fish_MFEX5,FightLogic_Boss_Normal_Fish_MBEX5,FightLogic_Boss_Normal_Fish_MMEX5,FightLogic_Boss_With_Normal,105
126,,,6,1,FightLogic_Boss_Normal_Fish_OnlyEx,FightLogic_Boss_Normal_Fish_MFEX5,FightLogic_Boss_Normal_Fish_MBEX5,FightLogic_Boss_Normal_Fish_MMEX5,FightLogic_Boss_With_Normal,106
127,,,6,1,FightLogic_Boss_Normal_Fish_OnlyEx,FightLogic_Boss_Normal_Fish_MFEX5,FightLogic_Boss_Normal_Fish_MBEX5,FightLogic_Boss_Normal_Fish_MMEX5,FightLogic_Boss_With_Normal,107
128,,,6,1,FightLogic_Boss_Normal_Fish_OnlyEx,FightLogic_Boss_Normal_Fish_MFEX5,FightLogic_Boss_Normal_Fish_MBEX5,FightLogic_Boss_Normal_Fish_MMEX5,FightLogic_Boss_With_Normal,108
129,,,6,1,FightLogic_Boss_Normal_Fish_OnlyEx,FightLogic_Boss_Normal_Fish_MFEX5,FightLogic_Boss_Normal_Fish_MBEX5,FightLogic_Boss_Normal_Fish_MMEX5,FightLogic_Boss_With_Normal,109
130,,,6,1,FightLogic_Boss_Normal_Fish_OnlyEx,FightLogic_Boss_Normal_Fish_MFEX5,FightLogic_Boss_Normal_Fish_MBEX5,FightLogic_Boss_Normal_Fish_MMEX5,FightLogic_Boss_With_Normal,110
131,,,6,1,FightLogic_Boss_Normal_Fish_OnlyEx,FightLogic_Boss_Normal_Fish_MFEX5,FightLogic_Boss_Normal_Fish_MBEX5,FightLogic_Boss_Normal_Fish_MMEX5,FightLogic_Boss_With_Normal,111
132,,,6,1,FightLogic_Boss_Normal_Fish_OnlyEx,FightLogic_Boss_Normal_Fish_MFEX5,FightLogic_Boss_Normal_Fish_MBEX5,FightLogic_Boss_Normal_Fish_MMEX5,FightLogic_Boss_With_Normal,112
133,,,6,1,FightLogic_Boss_Normal_Fish_OnlyEx,FightLogic_Boss_Normal_Fish_MFEX5,FightLogic_Boss_Normal_Fish_MBEX5,FightLogic_Boss_Normal_Fish_MMEX5,FightLogic_Boss_With_Normal,113
134,,,6,1,FightLogic_Boss_Normal_Fish_OnlyEx,FightLogic_Boss_Normal_Fish_MFEX5,FightLogic_Boss_Normal_Fish_MBEX5,FightLogic_Boss_Normal_Fish_MMEX5,FightLogic_Boss_With_Normal,114
135,,,6,1,FightLogic_Boss_Normal_Fish_OnlyEx,FightLogic_Boss_Normal_Fish_MFEX5,FightLogic_Boss_Normal_Fish_MBEX5,FightLogic_Boss_Normal_Fish_MMEX5,FightLogic_Boss_With_Normal,115
136,,,6,1,FightLogic_Boss_Normal_Fish_OnlyEx,FightLogic_Boss_Normal_Fish_MFEX5,FightLogic_Boss_Normal_Fish_MBEX5,FightLogic_Boss_Normal_Fish_MMEX5,FightLogic_Boss_With_Normal,116
137,,,6,1,FightLogic_Boss_Normal_Fish_OnlyEx,FightLogic_Boss_Normal_Fish_MFEX5,FightLogic_Boss_Normal_Fish_MBEX5,FightLogic_Boss_Normal_Fish_MMEX5,FightLogic_Boss_With_Normal,117
138,,,6,1,FightLogic_Boss_Normal_Fish_OnlyEx,FightLogic_Boss_Normal_Fish_MFEX5,FightLogic_Boss_Normal_Fish_MBEX5,FightLogic_Boss_Normal_Fish_MMEX5,FightLogic_Boss_With_Normal,118
139,,,6,1,FightLogic_Boss_Normal_Fish_OnlyEx,FightLogic_Boss_Normal_Fish_MFEX5,FightLogic_Boss_Normal_Fish_MBEX5,FightLogic_Boss_Normal_Fish_MMEX5,FightLogic_Boss_With_Normal,119
140,,,6,1,FightLogic_Boss_Normal_Fish_OnlyEx,FightLogic_Boss_Normal_Fish_MFEX5,FightLogic_Boss_Normal_Fish_MBEX5,FightLogic_Boss_Normal_Fish_MMEX5,FightLogic_Boss_With_Normal,120
141,,,7,1,FightLogic_Boss_Normal_Fish_OnlyEx,FightLogic_Boss_Normal_Fish_MFEX6,FightLogic_Boss_Normal_Fish_MBEX6,FightLogic_Boss_Normal_Fish_MMEX6,FightLogic_Boss_With_Elite,101
142,,,7,1,FightLogic_Boss_Normal_Fish_OnlyEx,FightLogic_Boss_Normal_Fish_MFEX6,FightLogic_Boss_Normal_Fish_MBEX6,FightLogic_Boss_Normal_Fish_MMEX6,FightLogic_Boss_With_Elite,102
143,,,7,1,FightLogic_Boss_Normal_Fish_OnlyEx,FightLogic_Boss_Normal_Fish_MFEX6,FightLogic_Boss_Normal_Fish_MBEX6,FightLogic_Boss_Normal_Fish_MMEX6,FightLogic_Boss_With_Elite,103
144,,,7,1,FightLogic_Boss_Normal_Fish_OnlyEx,FightLogic_Boss_Normal_Fish_MFEX6,FightLogic_Boss_Normal_Fish_MBEX6,FightLogic_Boss_Normal_Fish_MMEX6,FightLogic_Boss_With_Elite,104
145,,,7,1,FightLogic_Boss_Normal_Fish_OnlyEx,FightLogic_Boss_Normal_Fish_MFEX6,FightLogic_Boss_Normal_Fish_MBEX6,FightLogic_Boss_Normal_Fish_MMEX6,FightLogic_Boss_With_Elite,105
146,,,7,1,FightLogic_Boss_Normal_Fish_OnlyEx,FightLogic_Boss_Normal_Fish_MFEX6,FightLogic_Boss_Normal_Fish_MBEX6,FightLogic_Boss_Normal_Fish_MMEX6,FightLogic_Boss_With_Elite,106
147,,,7,1,FightLogic_Boss_Normal_Fish_OnlyEx,FightLogic_Boss_Normal_Fish_MFEX6,FightLogic_Boss_Normal_Fish_MBEX6,FightLogic_Boss_Normal_Fish_MMEX6,FightLogic_Boss_With_Elite,107
148,,,7,1,FightLogic_Boss_Normal_Fish_OnlyEx,FightLogic_Boss_Normal_Fish_MFEX6,FightLogic_Boss_Normal_Fish_MBEX6,FightLogic_Boss_Normal_Fish_MMEX6,FightLogic_Boss_With_Elite,108
149,,,7,1,FightLogic_Boss_Normal_Fish_OnlyEx,FightLogic_Boss_Normal_Fish_MFEX6,FightLogic_Boss_Normal_Fish_MBEX6,FightLogic_Boss_Normal_Fish_MMEX6,FightLogic_Boss_With_Elite,109
150,,,7,1,FightLogic_Boss_Normal_Fish_OnlyEx,FightLogic_Boss_Normal_Fish_MFEX6,FightLogic_Boss_Normal_Fish_MBEX6,FightLogic_Boss_Normal_Fish_MMEX6,FightLogic_Boss_With_Elite,110
151,,,7,1,FightLogic_Boss_Normal_Fish_OnlyEx,FightLogic_Boss_Normal_Fish_MFEX6,FightLogic_Boss_Normal_Fish_MBEX6,FightLogic_Boss_Normal_Fish_MMEX6,FightLogic_Boss_With_Elite,111
152,,,7,1,FightLogic_Boss_Normal_Fish_OnlyEx,FightLogic_Boss_Normal_Fish_MFEX6,FightLogic_Boss_Normal_Fish_MBEX6,FightLogic_Boss_Normal_Fish_MMEX6,FightLogic_Boss_With_Elite,112
153,,,7,1,FightLogic_Boss_Normal_Fish_OnlyEx,FightLogic_Boss_Normal_Fish_MFEX6,FightLogic_Boss_Normal_Fish_MBEX6,FightLogic_Boss_Normal_Fish_MMEX6,FightLogic_Boss_With_Elite,113
154,,,7,1,FightLogic_Boss_Normal_Fish_OnlyEx,FightLogic_Boss_Normal_Fish_MFEX6,FightLogic_Boss_Normal_Fish_MBEX6,FightLogic_Boss_Normal_Fish_MMEX6,FightLogic_Boss_With_Elite,114
155,,,7,1,FightLogic_Boss_Normal_Fish_OnlyEx,FightLogic_Boss_Normal_Fish_MFEX6,FightLogic_Boss_Normal_Fish_MBEX6,FightLogic_Boss_Normal_Fish_MMEX6,FightLogic_Boss_With_Elite,115
156,,,7,1,FightLogic_Boss_Normal_Fish_OnlyEx,FightLogic_Boss_Normal_Fish_MFEX6,FightLogic_Boss_Normal_Fish_MBEX6,FightLogic_Boss_Normal_Fish_MMEX6,FightLogic_Boss_With_Elite,116
157,,,7,1,FightLogic_Boss_Normal_Fish_OnlyEx,FightLogic_Boss_Normal_Fish_MFEX6,FightLogic_Boss_Normal_Fish_MBEX6,FightLogic_Boss_Normal_Fish_MMEX6,FightLogic_Boss_With_Elite,117
158,,,7,1,FightLogic_Boss_Normal_Fish_OnlyEx,FightLogic_Boss_Normal_Fish_MFEX6,FightLogic_Boss_Normal_Fish_MBEX6,FightLogic_Boss_Normal_Fish_MMEX6,FightLogic_Boss_With_Elite,118
159,,,7,1,FightLogic_Boss_Normal_Fish_OnlyEx,FightLogic_Boss_Normal_Fish_MFEX6,FightLogic_Boss_Normal_Fish_MBEX6,FightLogic_Boss_Normal_Fish_MMEX6,FightLogic_Boss_With_Elite,119
160,,,7,1,FightLogic_Boss_Normal_Fish_OnlyEx,FightLogic_Boss_Normal_Fish_MFEX6,FightLogic_Boss_Normal_Fish_MBEX6,FightLogic_Boss_Normal_Fish_MMEX6,FightLogic_Boss_With_Elite,120
161,,,8,1,FightLogic_Boss_Normal_Fish_OnlyEx,FightLogic_Boss_Normal_Fish_MFEX6,FightLogic_Boss_Normal_Fish_MBEX6,FightLogic_Boss_Normal_Fish_MMEX6,FightLogic_Boss_With_Ex,101
162,,,8,1,FightLogic_Boss_Normal_Fish_OnlyEx,FightLogic_Boss_Normal_Fish_MFEX6,FightLogic_Boss_Normal_Fish_MBEX6,FightLogic_Boss_Normal_Fish_MMEX6,FightLogic_Boss_With_Ex,102
163,,,8,1,FightLogic_Boss_Normal_Fish_OnlyEx,FightLogic_Boss_Normal_Fish_MFEX6,FightLogic_Boss_Normal_Fish_MBEX6,FightLogic_Boss_Normal_Fish_MMEX6,FightLogic_Boss_With_Ex,103
164,,,8,1,FightLogic_Boss_Normal_Fish_OnlyEx,FightLogic_Boss_Normal_Fish_MFEX6,FightLogic_Boss_Normal_Fish_MBEX6,FightLogic_Boss_Normal_Fish_MMEX6,FightLogic_Boss_With_Ex,104
165,,,8,1,FightLogic_Boss_Normal_Fish_OnlyEx,FightLogic_Boss_Normal_Fish_MFEX6,FightLogic_Boss_Normal_Fish_MBEX6,FightLogic_Boss_Normal_Fish_MMEX6,FightLogic_Boss_With_Ex,105
166,,,8,1,FightLogic_Boss_Normal_Fish_OnlyEx,FightLogic_Boss_Normal_Fish_MFEX6,FightLogic_Boss_Normal_Fish_MBEX6,FightLogic_Boss_Normal_Fish_MMEX6,FightLogic_Boss_With_Ex,106
167,,,8,1,FightLogic_Boss_Normal_Fish_OnlyEx,FightLogic_Boss_Normal_Fish_MFEX6,FightLogic_Boss_Normal_Fish_MBEX6,FightLogic_Boss_Normal_Fish_MMEX6,FightLogic_Boss_With_Ex,107
168,,,8,1,FightLogic_Boss_Normal_Fish_OnlyEx,FightLogic_Boss_Normal_Fish_MFEX6,FightLogic_Boss_Normal_Fish_MBEX6,FightLogic_Boss_Normal_Fish_MMEX6,FightLogic_Boss_With_Ex,108
169,,,8,1,FightLogic_Boss_Normal_Fish_OnlyEx,FightLogic_Boss_Normal_Fish_MFEX6,FightLogic_Boss_Normal_Fish_MBEX6,FightLogic_Boss_Normal_Fish_MMEX6,FightLogic_Boss_With_Ex,109
170,,,8,1,FightLogic_Boss_Normal_Fish_OnlyEx,FightLogic_Boss_Normal_Fish_MFEX6,FightLogic_Boss_Normal_Fish_MBEX6,FightLogic_Boss_Normal_Fish_MMEX6,FightLogic_Boss_With_Ex,110
171,,,8,1,FightLogic_Boss_Normal_Fish_OnlyEx,FightLogic_Boss_Normal_Fish_MFEX6,FightLogic_Boss_Normal_Fish_MBEX6,FightLogic_Boss_Normal_Fish_MMEX6,FightLogic_Boss_With_Ex,111
172,,,8,1,FightLogic_Boss_Normal_Fish_OnlyEx,FightLogic_Boss_Normal_Fish_MFEX6,FightLogic_Boss_Normal_Fish_MBEX6,FightLogic_Boss_Normal_Fish_MMEX6,FightLogic_Boss_With_Ex,112
173,,,8,1,FightLogic_Boss_Normal_Fish_OnlyEx,FightLogic_Boss_Normal_Fish_MFEX6,FightLogic_Boss_Normal_Fish_MBEX6,FightLogic_Boss_Normal_Fish_MMEX6,FightLogic_Boss_With_Ex,113
174,,,8,1,FightLogic_Boss_Normal_Fish_OnlyEx,FightLogic_Boss_Normal_Fish_MFEX6,FightLogic_Boss_Normal_Fish_MBEX6,FightLogic_Boss_Normal_Fish_MMEX6,FightLogic_Boss_With_Ex,114
175,,,8,1,FightLogic_Boss_Normal_Fish_OnlyEx,FightLogic_Boss_Normal_Fish_MFEX6,FightLogic_Boss_Normal_Fish_MBEX6,FightLogic_Boss_Normal_Fish_MMEX6,FightLogic_Boss_With_Ex,115
176,,,8,1,FightLogic_Boss_Normal_Fish_OnlyEx,FightLogic_Boss_Normal_Fish_MFEX6,FightLogic_Boss_Normal_Fish_MBEX6,FightLogic_Boss_Normal_Fish_MMEX6,FightLogic_Boss_With_Ex,116
177,,,8,1,FightLogic_Boss_Normal_Fish_OnlyEx,FightLogic_Boss_Normal_Fish_MFEX6,FightLogic_Boss_Normal_Fish_MBEX6,FightLogic_Boss_Normal_Fish_MMEX6,FightLogic_Boss_With_Ex,117
178,,,8,1,FightLogic_Boss_Normal_Fish_OnlyEx,FightLogic_Boss_Normal_Fish_MFEX6,FightLogic_Boss_Normal_Fish_MBEX6,FightLogic_Boss_Normal_Fish_MMEX6,FightLogic_Boss_With_Ex,118
179,,,8,1,FightLogic_Boss_Normal_Fish_OnlyEx,FightLogic_Boss_Normal_Fish_MFEX6,FightLogic_Boss_Normal_Fish_MBEX6,FightLogic_Boss_Normal_Fish_MMEX6,FightLogic_Boss_With_Ex,119
180,,,8,1,FightLogic_Boss_Normal_Fish_OnlyEx,FightLogic_Boss_Normal_Fish_MFEX6,FightLogic_Boss_Normal_Fish_MBEX6,FightLogic_Boss_Normal_Fish_MMEX6,FightLogic_Boss_With_Ex,120
181,,,9,1,FightLogic_Boss_Normal_Fish_OnlyEx,FightLogic_Boss_Normal_Fish_MFEX6,FightLogic_Boss_Normal_Fish_MBEX6,FightLogic_Boss_Normal_Fish_MMEX6,FightLogic_Boss_With_Ex,101
182,,,9,1,FightLogic_Boss_Normal_Fish_OnlyEx,FightLogic_Boss_Normal_Fish_MFEX6,FightLogic_Boss_Normal_Fish_MBEX6,FightLogic_Boss_Normal_Fish_MMEX6,FightLogic_Boss_With_Ex,102
183,,,9,1,FightLogic_Boss_Normal_Fish_OnlyEx,FightLogic_Boss_Normal_Fish_MFEX6,FightLogic_Boss_Normal_Fish_MBEX6,FightLogic_Boss_Normal_Fish_MMEX6,FightLogic_Boss_With_Ex,103
184,,,9,1,FightLogic_Boss_Normal_Fish_OnlyEx,FightLogic_Boss_Normal_Fish_MFEX6,FightLogic_Boss_Normal_Fish_MBEX6,FightLogic_Boss_Normal_Fish_MMEX6,FightLogic_Boss_With_Ex,104
185,,,9,1,FightLogic_Boss_Normal_Fish_OnlyEx,FightLogic_Boss_Normal_Fish_MFEX6,FightLogic_Boss_Normal_Fish_MBEX6,FightLogic_Boss_Normal_Fish_MMEX6,FightLogic_Boss_With_Ex,105
186,,,9,1,FightLogic_Boss_Normal_Fish_OnlyEx,FightLogic_Boss_Normal_Fish_MFEX6,FightLogic_Boss_Normal_Fish_MBEX6,FightLogic_Boss_Normal_Fish_MMEX6,FightLogic_Boss_With_Ex,106
187,,,9,1,FightLogic_Boss_Normal_Fish_OnlyEx,FightLogic_Boss_Normal_Fish_MFEX6,FightLogic_Boss_Normal_Fish_MBEX6,FightLogic_Boss_Normal_Fish_MMEX6,FightLogic_Boss_With_Ex,107
188,,,9,1,FightLogic_Boss_Normal_Fish_OnlyEx,FightLogic_Boss_Normal_Fish_MFEX6,FightLogic_Boss_Normal_Fish_MBEX6,FightLogic_Boss_Normal_Fish_MMEX6,FightLogic_Boss_With_Ex,108
189,,,9,1,FightLogic_Boss_Normal_Fish_OnlyEx,FightLogic_Boss_Normal_Fish_MFEX6,FightLogic_Boss_Normal_Fish_MBEX6,FightLogic_Boss_Normal_Fish_MMEX6,FightLogic_Boss_With_Ex,109
190,,,9,1,FightLogic_Boss_Normal_Fish_OnlyEx,FightLogic_Boss_Normal_Fish_MFEX6,FightLogic_Boss_Normal_Fish_MBEX6,FightLogic_Boss_Normal_Fish_MMEX6,FightLogic_Boss_With_Ex,110
191,,,9,1,FightLogic_Boss_Normal_Fish_OnlyEx,FightLogic_Boss_Normal_Fish_MFEX6,FightLogic_Boss_Normal_Fish_MBEX6,FightLogic_Boss_Normal_Fish_MMEX6,FightLogic_Boss_With_Ex,111
192,,,9,1,FightLogic_Boss_Normal_Fish_OnlyEx,FightLogic_Boss_Normal_Fish_MFEX6,FightLogic_Boss_Normal_Fish_MBEX6,FightLogic_Boss_Normal_Fish_MMEX6,FightLogic_Boss_With_Ex,112
193,,,9,1,FightLogic_Boss_Normal_Fish_OnlyEx,FightLogic_Boss_Normal_Fish_MFEX6,FightLogic_Boss_Normal_Fish_MBEX6,FightLogic_Boss_Normal_Fish_MMEX6,FightLogic_Boss_With_Ex,113
194,,,9,1,FightLogic_Boss_Normal_Fish_OnlyEx,FightLogic_Boss_Normal_Fish_MFEX6,FightLogic_Boss_Normal_Fish_MBEX6,FightLogic_Boss_Normal_Fish_MMEX6,FightLogic_Boss_With_Ex,114
195,,,9,1,FightLogic_Boss_Normal_Fish_OnlyEx,FightLogic_Boss_Normal_Fish_MFEX6,FightLogic_Boss_Normal_Fish_MBEX6,FightLogic_Boss_Normal_Fish_MMEX6,FightLogic_Boss_With_Ex,115
196,,,9,1,FightLogic_Boss_Normal_Fish_OnlyEx,FightLogic_Boss_Normal_Fish_MFEX6,FightLogic_Boss_Normal_Fish_MBEX6,FightLogic_Boss_Normal_Fish_MMEX6,FightLogic_Boss_With_Ex,116
197,,,9,1,FightLogic_Boss_Normal_Fish_OnlyEx,FightLogic_Boss_Normal_Fish_MFEX6,FightLogic_Boss_Normal_Fish_MBEX6,FightLogic_Boss_Normal_Fish_MMEX6,FightLogic_Boss_With_Ex,117
198,,,9,1,FightLogic_Boss_Normal_Fish_OnlyEx,FightLogic_Boss_Normal_Fish_MFEX6,FightLogic_Boss_Normal_Fish_MBEX6,FightLogic_Boss_Normal_Fish_MMEX6,FightLogic_Boss_With_Ex,118
199,,,9,1,FightLogic_Boss_Normal_Fish_OnlyEx,FightLogic_Boss_Normal_Fish_MFEX6,FightLogic_Boss_Normal_Fish_MBEX6,FightLogic_Boss_Normal_Fish_MMEX6,FightLogic_Boss_With_Ex,119
200,,,9,1,FightLogic_Boss_Normal_Fish_OnlyEx,FightLogic_Boss_Normal_Fish_MFEX6,FightLogic_Boss_Normal_Fish_MBEX6,FightLogic_Boss_Normal_Fish_MMEX6,FightLogic_Boss_With_Ex,120
