"""ID""","""Name""","""Desc""","""Difficult""","""Level""","""Combat""","""FightLogic1""","""FightLogic2""","""FightLogic3""","""FightLogic4""","""FightLogic5""","""BossID"""
#1,70401,70401,0,1,1,FightLogic_Boss_Normal_Fish_FF,FightLogic_Boss_Normal_Fish_FB,FightLogic_Boss_Normal_Fish_FM,FightLogic_Boss_Normal_Fish_FM,FightLogic_Boss_Single,101
1,70401,70401,1,1,2,FightLogic_Boss_Single,FightLogic_Boss_Single,FightLogic_Boss_Single,FightLogic_Boss_Single,FightLogic_Boss_Single,101
2,70402,70402,1,1,3,FightLogic_Boss_Normal_Fish_FF,FightLogic_Boss_Normal_Fish_FB,FightLogic_Boss_Normal_Fish_FM,FightLogic_Boss_Normal_Fish_FM,FightLogic_Boss_Single,102
3,70403,70403,1,1,4,FightLogic_Boss_Normal_Fish_FF,FightLogic_Boss_Normal_Fish_FB,FightLogic_Boss_Normal_Fish_FM,FightLogic_Boss_Normal_Fish_FM,FightLogic_Boss_Single,103
4,70404,70404,1,1,5,FightLogic_Boss_Normal_Fish_FF,FightLogic_Boss_Normal_Fish_FB,FightLogic_Boss_Normal_Fish_FM,FightLogic_Boss_Normal_Fish_FM,FightLogic_Boss_Single,104
5,70405,70405,1,1,6,FightLogic_Boss_Normal_Fish_FF,FightLogic_Boss_Normal_Fish_FB,FightLogic_Boss_Normal_Fish_FM,FightLogic_Boss_Normal_Fish_FM,FightLogic_Boss_Single,105
6,70406,70406,1,1,7,FightLogic_Boss_Normal_Fish_FF,FightLogic_Boss_Normal_Fish_FB,FightLogic_Boss_Normal_Fish_FM,FightLogic_Boss_Normal_Fish_FM,FightLogic_Boss_Single,106
7,70407,70407,1,1,8,FightLogic_Boss_Normal_Fish_FF,FightLogic_Boss_Normal_Fish_FB,FightLogic_Boss_Normal_Fish_FM,FightLogic_Boss_Normal_Fish_FM,FightLogic_Boss_Single,107
8,70408,70408,1,1,9,FightLogic_Boss_Normal_Fish_FF,FightLogic_Boss_Normal_Fish_FB,FightLogic_Boss_Normal_Fish_FM,FightLogic_Boss_Normal_Fish_FM,FightLogic_Boss_Single,108
9,70409,70409,1,1,10,FightLogic_Boss_Normal_Fish_FF,FightLogic_Boss_Normal_Fish_FB,FightLogic_Boss_Normal_Fish_FM,FightLogic_Boss_Normal_Fish_FM,FightLogic_Boss_Single,109
10,70410,70410,1,1,11,FightLogic_Boss_Normal_Fish_FF,FightLogic_Boss_Normal_Fish_FB,FightLogic_Boss_Normal_Fish_FM,FightLogic_Boss_Normal_Fish_FM,FightLogic_Boss_Single,110
11,70411,70411,1,1,12,FightLogic_Boss_Normal_Fish_MF,FightLogic_Boss_Normal_Fish_MB,FightLogic_Boss_Normal_Fish_MM,FightLogic_Boss_Normal_Fish_MM,FightLogic_Boss_Single,111
12,70412,70412,1,1,13,FightLogic_Boss_Normal_Fish_MF,FightLogic_Boss_Normal_Fish_MB,FightLogic_Boss_Normal_Fish_MM,FightLogic_Boss_Normal_Fish_MM,FightLogic_Boss_Single,112
13,70413,70413,1,1,14,FightLogic_Boss_Normal_Fish_MF,FightLogic_Boss_Normal_Fish_MB,FightLogic_Boss_Normal_Fish_MM,FightLogic_Boss_Normal_Fish_MM,FightLogic_Boss_Single,113
14,70414,70414,1,1,15,FightLogic_Boss_Normal_Fish_MF,FightLogic_Boss_Normal_Fish_MB,FightLogic_Boss_Normal_Fish_MM,FightLogic_Boss_Normal_Fish_MM,FightLogic_Boss_Single,114
15,70415,70415,1,1,16,FightLogic_Boss_Normal_Fish_MF,FightLogic_Boss_Normal_Fish_MB,FightLogic_Boss_Normal_Fish_MM,FightLogic_Boss_Normal_Fish_MM,FightLogic_Boss_Single,115
16,70416,70416,1,1,17,FightLogic_Boss_Normal_Fish_MF,FightLogic_Boss_Normal_Fish_MB,FightLogic_Boss_Normal_Fish_MM,FightLogic_Boss_Normal_Fish_MM,FightLogic_Boss_Single,116
17,70417,70417,1,1,18,FightLogic_Boss_Normal_Fish_MF,FightLogic_Boss_Normal_Fish_MB,FightLogic_Boss_Normal_Fish_MM,FightLogic_Boss_Normal_Fish_MM,FightLogic_Boss_Single,117
18,70418,70418,1,1,19,FightLogic_Boss_Normal_Fish_MF,FightLogic_Boss_Normal_Fish_MB,FightLogic_Boss_Normal_Fish_MM,FightLogic_Boss_Normal_Fish_MM,FightLogic_Boss_Single,118
19,70419,70419,1,1,20,FightLogic_Boss_Normal_Fish_MF,FightLogic_Boss_Normal_Fish_MB,FightLogic_Boss_Normal_Fish_MM,FightLogic_Boss_Normal_Fish_MM,FightLogic_Boss_Single,119
20,70420,70420,1,1,21,FightLogic_Boss_Normal_Fish_MF,FightLogic_Boss_Normal_Fish_MB,FightLogic_Boss_Normal_Fish_MM,FightLogic_Boss_Normal_Fish_MM,FightLogic_Boss_Single,120
21,70401,70401,2,1,22,FightLogic_Boss_Normal_Fish_FF2,FightLogic_Boss_Normal_Fish_FB2,FightLogic_Boss_Normal_Fish_FM2,FightLogic_Boss_Normal_Fish_FM2,FightLogic_Boss_Single,101
22,70402,70402,2,1,23,FightLogic_Boss_Normal_Fish_FF2,FightLogic_Boss_Normal_Fish_FB2,FightLogic_Boss_Normal_Fish_FM2,FightLogic_Boss_Normal_Fish_FM2,FightLogic_Boss_Single,102
23,70403,70403,2,1,24,FightLogic_Boss_Normal_Fish_FF2,FightLogic_Boss_Normal_Fish_FB2,FightLogic_Boss_Normal_Fish_FM2,FightLogic_Boss_Normal_Fish_FM2,FightLogic_Boss_Single,103
24,70404,70404,2,1,25,FightLogic_Boss_Normal_Fish_FF2,FightLogic_Boss_Normal_Fish_FB2,FightLogic_Boss_Normal_Fish_FM2,FightLogic_Boss_Normal_Fish_FM2,FightLogic_Boss_Single,104
25,70405,70405,2,1,26,FightLogic_Boss_Normal_Fish_FF2,FightLogic_Boss_Normal_Fish_FB2,FightLogic_Boss_Normal_Fish_FM2,FightLogic_Boss_Normal_Fish_FM2,FightLogic_Boss_Single,105
26,70406,70406,2,1,27,FightLogic_Boss_Normal_Fish_FF2,FightLogic_Boss_Normal_Fish_FB2,FightLogic_Boss_Normal_Fish_FM2,FightLogic_Boss_Normal_Fish_FM2,FightLogic_Boss_Single,106
27,70407,70407,2,1,28,FightLogic_Boss_Normal_Fish_FF2,FightLogic_Boss_Normal_Fish_FB2,FightLogic_Boss_Normal_Fish_FM2,FightLogic_Boss_Normal_Fish_FM2,FightLogic_Boss_Single,107
28,70408,70408,2,1,29,FightLogic_Boss_Normal_Fish_FF2,FightLogic_Boss_Normal_Fish_FB2,FightLogic_Boss_Normal_Fish_FM2,FightLogic_Boss_Normal_Fish_FM2,FightLogic_Boss_Single,108
29,70409,70409,2,1,30,FightLogic_Boss_Normal_Fish_FF2,FightLogic_Boss_Normal_Fish_FB2,FightLogic_Boss_Normal_Fish_FM2,FightLogic_Boss_Normal_Fish_FM2,FightLogic_Boss_Single,109
30,70410,70410,2,1,31,FightLogic_Boss_Normal_Fish_FF2,FightLogic_Boss_Normal_Fish_FB2,FightLogic_Boss_Normal_Fish_FM2,FightLogic_Boss_Normal_Fish_FM2,FightLogic_Boss_Single,110
31,70411,70411,2,1,32,FightLogic_Boss_Normal_Fish_MF2,FightLogic_Boss_Normal_Fish_MB2,FightLogic_Boss_Normal_Fish_MM2,FightLogic_Boss_Normal_Fish_MM2,FightLogic_Boss_Single,111
32,70412,70412,2,1,33,FightLogic_Boss_Normal_Fish_MF2,FightLogic_Boss_Normal_Fish_MB2,FightLogic_Boss_Normal_Fish_MM2,FightLogic_Boss_Normal_Fish_MM2,FightLogic_Boss_Single,112
33,70413,70413,2,1,34,FightLogic_Boss_Normal_Fish_MF2,FightLogic_Boss_Normal_Fish_MB2,FightLogic_Boss_Normal_Fish_MM2,FightLogic_Boss_Normal_Fish_MM2,FightLogic_Boss_Single,113
34,70414,70414,2,1,35,FightLogic_Boss_Normal_Fish_MF2,FightLogic_Boss_Normal_Fish_MB2,FightLogic_Boss_Normal_Fish_MM2,FightLogic_Boss_Normal_Fish_MM2,FightLogic_Boss_Single,114
35,70415,70415,2,1,36,FightLogic_Boss_Normal_Fish_MF2,FightLogic_Boss_Normal_Fish_MB2,FightLogic_Boss_Normal_Fish_MM2,FightLogic_Boss_Normal_Fish_MM2,FightLogic_Boss_Single,115
36,70416,70416,2,1,37,FightLogic_Boss_Normal_Fish_MF2,FightLogic_Boss_Normal_Fish_MB2,FightLogic_Boss_Normal_Fish_MM2,FightLogic_Boss_Normal_Fish_MM2,FightLogic_Boss_Single,116
37,70417,70417,2,1,38,FightLogic_Boss_Normal_Fish_MF2,FightLogic_Boss_Normal_Fish_MB2,FightLogic_Boss_Normal_Fish_MM2,FightLogic_Boss_Normal_Fish_MM2,FightLogic_Boss_Single,117
38,70418,70418,2,1,39,FightLogic_Boss_Normal_Fish_MF2,FightLogic_Boss_Normal_Fish_MB2,FightLogic_Boss_Normal_Fish_MM2,FightLogic_Boss_Normal_Fish_MM2,FightLogic_Boss_Single,118
39,70419,70419,2,1,40,FightLogic_Boss_Normal_Fish_MF2,FightLogic_Boss_Normal_Fish_MB2,FightLogic_Boss_Normal_Fish_MM2,FightLogic_Boss_Normal_Fish_MM2,FightLogic_Boss_Single,119
40,70420,70420,2,1,41,FightLogic_Boss_Normal_Fish_MF2,FightLogic_Boss_Normal_Fish_MB2,FightLogic_Boss_Normal_Fish_MM2,FightLogic_Boss_Normal_Fish_MM2,FightLogic_Boss_Single,120
41,70401,70401,3,1,42,FightLogic_Boss_Normal_Fish_MFEX1,FightLogic_Boss_Normal_Fish_MBEX1,FightLogic_Boss_Normal_Fish_MMEX1,FightLogic_Boss_Normal_Fish_MMEX1,FightLogic_Boss_Single,101
42,70402,70402,3,1,43,FightLogic_Boss_Normal_Fish_MFEX1,FightLogic_Boss_Normal_Fish_MBEX1,FightLogic_Boss_Normal_Fish_MMEX1,FightLogic_Boss_Normal_Fish_MMEX1,FightLogic_Boss_Single,102
43,70403,70403,3,1,44,FightLogic_Boss_Normal_Fish_MFEX1,FightLogic_Boss_Normal_Fish_MBEX1,FightLogic_Boss_Normal_Fish_MMEX1,FightLogic_Boss_Normal_Fish_MMEX1,FightLogic_Boss_Single,103
44,70404,70404,3,1,45,FightLogic_Boss_Normal_Fish_MFEX1,FightLogic_Boss_Normal_Fish_MBEX1,FightLogic_Boss_Normal_Fish_MMEX1,FightLogic_Boss_Normal_Fish_MMEX1,FightLogic_Boss_Single,104
45,70405,70405,3,1,46,FightLogic_Boss_Normal_Fish_MFEX1,FightLogic_Boss_Normal_Fish_MBEX1,FightLogic_Boss_Normal_Fish_MMEX1,FightLogic_Boss_Normal_Fish_MMEX1,FightLogic_Boss_Single,105
46,70406,70406,3,1,47,FightLogic_Boss_Normal_Fish_MFEX1,FightLogic_Boss_Normal_Fish_MBEX1,FightLogic_Boss_Normal_Fish_MMEX1,FightLogic_Boss_Normal_Fish_MMEX1,FightLogic_Boss_Single,106
47,70407,70407,3,1,48,FightLogic_Boss_Normal_Fish_MFEX1,FightLogic_Boss_Normal_Fish_MBEX1,FightLogic_Boss_Normal_Fish_MMEX1,FightLogic_Boss_Normal_Fish_MMEX1,FightLogic_Boss_Single,107
48,70408,70408,3,1,49,FightLogic_Boss_Normal_Fish_MFEX1,FightLogic_Boss_Normal_Fish_MBEX1,FightLogic_Boss_Normal_Fish_MMEX1,FightLogic_Boss_Normal_Fish_MMEX1,FightLogic_Boss_Single,108
49,70409,70409,3,1,50,FightLogic_Boss_Normal_Fish_MFEX1,FightLogic_Boss_Normal_Fish_MBEX1,FightLogic_Boss_Normal_Fish_MMEX1,FightLogic_Boss_Normal_Fish_MMEX1,FightLogic_Boss_Single,109
50,70410,70410,3,1,51,FightLogic_Boss_Normal_Fish_MFEX1,FightLogic_Boss_Normal_Fish_MBEX1,FightLogic_Boss_Normal_Fish_MMEX1,FightLogic_Boss_Normal_Fish_MMEX1,FightLogic_Boss_Single,110
51,70411,70411,3,1,52,FightLogic_Boss_Normal_Fish_MFEX1,FightLogic_Boss_Normal_Fish_MBEX1,FightLogic_Boss_Normal_Fish_MMEX1,FightLogic_Boss_Normal_Fish_MMEX1,FightLogic_Boss_Single,111
52,70412,70412,3,1,53,FightLogic_Boss_Normal_Fish_MFEX1,FightLogic_Boss_Normal_Fish_MBEX1,FightLogic_Boss_Normal_Fish_MMEX1,FightLogic_Boss_Normal_Fish_MMEX1,FightLogic_Boss_Single,112
53,70413,70413,3,1,54,FightLogic_Boss_Normal_Fish_MFEX1,FightLogic_Boss_Normal_Fish_MBEX1,FightLogic_Boss_Normal_Fish_MMEX1,FightLogic_Boss_Normal_Fish_MMEX1,FightLogic_Boss_Single,113
54,70414,70414,3,1,55,FightLogic_Boss_Normal_Fish_MFEX1,FightLogic_Boss_Normal_Fish_MBEX1,FightLogic_Boss_Normal_Fish_MMEX1,FightLogic_Boss_Normal_Fish_MMEX1,FightLogic_Boss_Single,114
55,70415,70415,3,1,56,FightLogic_Boss_Normal_Fish_MFEX1,FightLogic_Boss_Normal_Fish_MBEX1,FightLogic_Boss_Normal_Fish_MMEX1,FightLogic_Boss_Normal_Fish_MMEX1,FightLogic_Boss_Single,115
56,70416,70416,3,1,57,FightLogic_Boss_Normal_Fish_MFEX1,FightLogic_Boss_Normal_Fish_MBEX1,FightLogic_Boss_Normal_Fish_MMEX1,FightLogic_Boss_Normal_Fish_MMEX1,FightLogic_Boss_Single,116
57,70417,70417,3,1,58,FightLogic_Boss_Normal_Fish_MFEX1,FightLogic_Boss_Normal_Fish_MBEX1,FightLogic_Boss_Normal_Fish_MMEX1,FightLogic_Boss_Normal_Fish_MMEX1,FightLogic_Boss_Single,117
58,70418,70418,3,1,59,FightLogic_Boss_Normal_Fish_MFEX1,FightLogic_Boss_Normal_Fish_MBEX1,FightLogic_Boss_Normal_Fish_MMEX1,FightLogic_Boss_Normal_Fish_MMEX1,FightLogic_Boss_Single,118
59,70419,70419,3,1,60,FightLogic_Boss_Normal_Fish_MFEX1,FightLogic_Boss_Normal_Fish_MBEX1,FightLogic_Boss_Normal_Fish_MMEX1,FightLogic_Boss_Normal_Fish_MMEX1,FightLogic_Boss_Single,119
60,70420,70420,3,1,61,FightLogic_Boss_Normal_Fish_MFEX1,FightLogic_Boss_Normal_Fish_MBEX1,FightLogic_Boss_Normal_Fish_MMEX1,FightLogic_Boss_Normal_Fish_MMEX1,FightLogic_Boss_Single,120
61,70401,70401,4,1,62,FightLogic_Boss_Normal_Fish_OnlyEx,FightLogic_Boss_Normal_Fish_MFEX2,FightLogic_Boss_Normal_Fish_MBEX2,FightLogic_Boss_Normal_Fish_MMEX2,FightLogic_Boss_Single,101
62,70402,70402,4,1,63,FightLogic_Boss_Normal_Fish_OnlyEx,FightLogic_Boss_Normal_Fish_MFEX2,FightLogic_Boss_Normal_Fish_MBEX2,FightLogic_Boss_Normal_Fish_MMEX2,FightLogic_Boss_Single,102
63,70403,70403,4,1,64,FightLogic_Boss_Normal_Fish_OnlyEx,FightLogic_Boss_Normal_Fish_MFEX2,FightLogic_Boss_Normal_Fish_MBEX2,FightLogic_Boss_Normal_Fish_MMEX2,FightLogic_Boss_Single,103
64,70404,70404,4,1,65,FightLogic_Boss_Normal_Fish_OnlyEx,FightLogic_Boss_Normal_Fish_MFEX2,FightLogic_Boss_Normal_Fish_MBEX2,FightLogic_Boss_Normal_Fish_MMEX2,FightLogic_Boss_Single,104
65,70405,70405,4,1,66,FightLogic_Boss_Normal_Fish_OnlyEx,FightLogic_Boss_Normal_Fish_MFEX2,FightLogic_Boss_Normal_Fish_MBEX2,FightLogic_Boss_Normal_Fish_MMEX2,FightLogic_Boss_Single,105
66,70406,70406,4,1,67,FightLogic_Boss_Normal_Fish_OnlyEx,FightLogic_Boss_Normal_Fish_MFEX2,FightLogic_Boss_Normal_Fish_MBEX2,FightLogic_Boss_Normal_Fish_MMEX2,FightLogic_Boss_Single,106
67,70407,70407,4,1,68,FightLogic_Boss_Normal_Fish_OnlyEx,FightLogic_Boss_Normal_Fish_MFEX2,FightLogic_Boss_Normal_Fish_MBEX2,FightLogic_Boss_Normal_Fish_MMEX2,FightLogic_Boss_Single,107
68,70408,70408,4,1,69,FightLogic_Boss_Normal_Fish_OnlyEx,FightLogic_Boss_Normal_Fish_MFEX2,FightLogic_Boss_Normal_Fish_MBEX2,FightLogic_Boss_Normal_Fish_MMEX2,FightLogic_Boss_Single,108
69,70409,70409,4,1,70,FightLogic_Boss_Normal_Fish_OnlyEx,FightLogic_Boss_Normal_Fish_MFEX2,FightLogic_Boss_Normal_Fish_MBEX2,FightLogic_Boss_Normal_Fish_MMEX2,FightLogic_Boss_Single,109
70,70410,70410,4,1,71,FightLogic_Boss_Normal_Fish_OnlyEx,FightLogic_Boss_Normal_Fish_MFEX2,FightLogic_Boss_Normal_Fish_MBEX2,FightLogic_Boss_Normal_Fish_MMEX2,FightLogic_Boss_Single,110
71,70411,70411,4,1,72,FightLogic_Boss_Normal_Fish_OnlyEx,FightLogic_Boss_Normal_Fish_MFEX2,FightLogic_Boss_Normal_Fish_MBEX2,FightLogic_Boss_Normal_Fish_MMEX2,FightLogic_Boss_Single,111
72,70412,70412,4,1,73,FightLogic_Boss_Normal_Fish_OnlyEx,FightLogic_Boss_Normal_Fish_MFEX2,FightLogic_Boss_Normal_Fish_MBEX2,FightLogic_Boss_Normal_Fish_MMEX2,FightLogic_Boss_Single,112
73,70413,70413,4,1,74,FightLogic_Boss_Normal_Fish_OnlyEx,FightLogic_Boss_Normal_Fish_MFEX2,FightLogic_Boss_Normal_Fish_MBEX2,FightLogic_Boss_Normal_Fish_MMEX2,FightLogic_Boss_Single,113
74,70414,70414,4,1,75,FightLogic_Boss_Normal_Fish_OnlyEx,FightLogic_Boss_Normal_Fish_MFEX2,FightLogic_Boss_Normal_Fish_MBEX2,FightLogic_Boss_Normal_Fish_MMEX2,FightLogic_Boss_Single,114
75,70415,70415,4,1,76,FightLogic_Boss_Normal_Fish_OnlyEx,FightLogic_Boss_Normal_Fish_MFEX2,FightLogic_Boss_Normal_Fish_MBEX2,FightLogic_Boss_Normal_Fish_MMEX2,FightLogic_Boss_Single,115
76,70416,70416,4,1,77,FightLogic_Boss_Normal_Fish_OnlyEx,FightLogic_Boss_Normal_Fish_MFEX2,FightLogic_Boss_Normal_Fish_MBEX2,FightLogic_Boss_Normal_Fish_MMEX2,FightLogic_Boss_Single,116
77,70417,70417,4,1,78,FightLogic_Boss_Normal_Fish_OnlyEx,FightLogic_Boss_Normal_Fish_MFEX2,FightLogic_Boss_Normal_Fish_MBEX2,FightLogic_Boss_Normal_Fish_MMEX2,FightLogic_Boss_Single,117
78,70418,70418,4,1,79,FightLogic_Boss_Normal_Fish_OnlyEx,FightLogic_Boss_Normal_Fish_MFEX2,FightLogic_Boss_Normal_Fish_MBEX2,FightLogic_Boss_Normal_Fish_MMEX2,FightLogic_Boss_Single,118
79,70419,70419,4,1,80,FightLogic_Boss_Normal_Fish_OnlyEx,FightLogic_Boss_Normal_Fish_MFEX2,FightLogic_Boss_Normal_Fish_MBEX2,FightLogic_Boss_Normal_Fish_MMEX2,FightLogic_Boss_Single,119
80,70420,70420,4,1,81,FightLogic_Boss_Normal_Fish_OnlyEx,FightLogic_Boss_Normal_Fish_MFEX2,FightLogic_Boss_Normal_Fish_MBEX2,FightLogic_Boss_Normal_Fish_MMEX2,FightLogic_Boss_Single,120
81,70401,70401,5,1,82,FightLogic_Boss_Normal_Fish_OnlyEx,FightLogic_Boss_Normal_Fish_MFEX3,FightLogic_Boss_Normal_Fish_MBEX3,FightLogic_Boss_Normal_Fish_MMEX3,FightLogic_Boss_Single,101
82,70402,70402,5,1,83,FightLogic_Boss_Normal_Fish_OnlyEx,FightLogic_Boss_Normal_Fish_MFEX3,FightLogic_Boss_Normal_Fish_MBEX3,FightLogic_Boss_Normal_Fish_MMEX3,FightLogic_Boss_Single,102
83,70403,70403,5,1,84,FightLogic_Boss_Normal_Fish_OnlyEx,FightLogic_Boss_Normal_Fish_MFEX3,FightLogic_Boss_Normal_Fish_MBEX3,FightLogic_Boss_Normal_Fish_MMEX3,FightLogic_Boss_Single,103
84,70404,70404,5,1,85,FightLogic_Boss_Normal_Fish_OnlyEx,FightLogic_Boss_Normal_Fish_MFEX3,FightLogic_Boss_Normal_Fish_MBEX3,FightLogic_Boss_Normal_Fish_MMEX3,FightLogic_Boss_Single,104
85,70405,70405,5,1,86,FightLogic_Boss_Normal_Fish_OnlyEx,FightLogic_Boss_Normal_Fish_MFEX3,FightLogic_Boss_Normal_Fish_MBEX3,FightLogic_Boss_Normal_Fish_MMEX3,FightLogic_Boss_Single,105
86,70406,70406,5,1,87,FightLogic_Boss_Normal_Fish_OnlyEx,FightLogic_Boss_Normal_Fish_MFEX3,FightLogic_Boss_Normal_Fish_MBEX3,FightLogic_Boss_Normal_Fish_MMEX3,FightLogic_Boss_Single,106
87,70407,70407,5,1,88,FightLogic_Boss_Normal_Fish_OnlyEx,FightLogic_Boss_Normal_Fish_MFEX3,FightLogic_Boss_Normal_Fish_MBEX3,FightLogic_Boss_Normal_Fish_MMEX3,FightLogic_Boss_Single,107
88,70408,70408,5,1,89,FightLogic_Boss_Normal_Fish_OnlyEx,FightLogic_Boss_Normal_Fish_MFEX3,FightLogic_Boss_Normal_Fish_MBEX3,FightLogic_Boss_Normal_Fish_MMEX3,FightLogic_Boss_Single,108
89,70409,70409,5,1,90,FightLogic_Boss_Normal_Fish_OnlyEx,FightLogic_Boss_Normal_Fish_MFEX3,FightLogic_Boss_Normal_Fish_MBEX3,FightLogic_Boss_Normal_Fish_MMEX3,FightLogic_Boss_Single,109
90,70410,70410,5,1,91,FightLogic_Boss_Normal_Fish_OnlyEx,FightLogic_Boss_Normal_Fish_MFEX3,FightLogic_Boss_Normal_Fish_MBEX3,FightLogic_Boss_Normal_Fish_MMEX3,FightLogic_Boss_Single,110
91,70411,70411,5,1,92,FightLogic_Boss_Normal_Fish_OnlyEx,FightLogic_Boss_Normal_Fish_MFEX3,FightLogic_Boss_Normal_Fish_MBEX3,FightLogic_Boss_Normal_Fish_MMEX3,FightLogic_Boss_Single,111
92,70412,70412,5,1,93,FightLogic_Boss_Normal_Fish_OnlyEx,FightLogic_Boss_Normal_Fish_MFEX3,FightLogic_Boss_Normal_Fish_MBEX3,FightLogic_Boss_Normal_Fish_MMEX3,FightLogic_Boss_Single,112
93,70413,70413,5,1,94,FightLogic_Boss_Normal_Fish_OnlyEx,FightLogic_Boss_Normal_Fish_MFEX3,FightLogic_Boss_Normal_Fish_MBEX3,FightLogic_Boss_Normal_Fish_MMEX3,FightLogic_Boss_Single,113
94,70414,70414,5,1,95,FightLogic_Boss_Normal_Fish_OnlyEx,FightLogic_Boss_Normal_Fish_MFEX3,FightLogic_Boss_Normal_Fish_MBEX3,FightLogic_Boss_Normal_Fish_MMEX3,FightLogic_Boss_Single,114
95,70415,70415,5,1,96,FightLogic_Boss_Normal_Fish_OnlyEx,FightLogic_Boss_Normal_Fish_MFEX3,FightLogic_Boss_Normal_Fish_MBEX3,FightLogic_Boss_Normal_Fish_MMEX3,FightLogic_Boss_Single,115
96,70416,70416,5,1,97,FightLogic_Boss_Normal_Fish_OnlyEx,FightLogic_Boss_Normal_Fish_MFEX3,FightLogic_Boss_Normal_Fish_MBEX3,FightLogic_Boss_Normal_Fish_MMEX3,FightLogic_Boss_Single,116
97,70417,70417,5,1,98,FightLogic_Boss_Normal_Fish_OnlyEx,FightLogic_Boss_Normal_Fish_MFEX3,FightLogic_Boss_Normal_Fish_MBEX3,FightLogic_Boss_Normal_Fish_MMEX3,FightLogic_Boss_Single,117
98,70418,70418,5,1,99,FightLogic_Boss_Normal_Fish_OnlyEx,FightLogic_Boss_Normal_Fish_MFEX3,FightLogic_Boss_Normal_Fish_MBEX3,FightLogic_Boss_Normal_Fish_MMEX3,FightLogic_Boss_Single,118
99,70419,70419,5,1,100,FightLogic_Boss_Normal_Fish_OnlyEx,FightLogic_Boss_Normal_Fish_MFEX3,FightLogic_Boss_Normal_Fish_MBEX3,FightLogic_Boss_Normal_Fish_MMEX3,FightLogic_Boss_Single,119
100,70420,70420,5,1,101,FightLogic_Boss_Normal_Fish_OnlyEx,FightLogic_Boss_Normal_Fish_MFEX3,FightLogic_Boss_Normal_Fish_MBEX3,FightLogic_Boss_Normal_Fish_MMEX3,FightLogic_Boss_Single,120
101,70401,70401,6,1,102,FightLogic_Boss_Normal_Fish_OnlyEx,FightLogic_Boss_Normal_Fish_MFEX4,FightLogic_Boss_Normal_Fish_MBEX4,FightLogic_Boss_Normal_Fish_MMEX4,FightLogic_Boss_Single,101
102,70402,70402,6,1,103,FightLogic_Boss_Normal_Fish_OnlyEx,FightLogic_Boss_Normal_Fish_MFEX4,FightLogic_Boss_Normal_Fish_MBEX4,FightLogic_Boss_Normal_Fish_MMEX4,FightLogic_Boss_Single,102
103,70403,70403,6,1,104,FightLogic_Boss_Normal_Fish_OnlyEx,FightLogic_Boss_Normal_Fish_MFEX4,FightLogic_Boss_Normal_Fish_MBEX4,FightLogic_Boss_Normal_Fish_MMEX4,FightLogic_Boss_Single,103
104,70404,70404,6,1,105,FightLogic_Boss_Normal_Fish_OnlyEx,FightLogic_Boss_Normal_Fish_MFEX4,FightLogic_Boss_Normal_Fish_MBEX4,FightLogic_Boss_Normal_Fish_MMEX4,FightLogic_Boss_Single,104
105,70405,70405,6,1,106,FightLogic_Boss_Normal_Fish_OnlyEx,FightLogic_Boss_Normal_Fish_MFEX4,FightLogic_Boss_Normal_Fish_MBEX4,FightLogic_Boss_Normal_Fish_MMEX4,FightLogic_Boss_Single,105
106,70406,70406,6,1,107,FightLogic_Boss_Normal_Fish_OnlyEx,FightLogic_Boss_Normal_Fish_MFEX4,FightLogic_Boss_Normal_Fish_MBEX4,FightLogic_Boss_Normal_Fish_MMEX4,FightLogic_Boss_Single,106
107,70407,70407,6,1,108,FightLogic_Boss_Normal_Fish_OnlyEx,FightLogic_Boss_Normal_Fish_MFEX4,FightLogic_Boss_Normal_Fish_MBEX4,FightLogic_Boss_Normal_Fish_MMEX4,FightLogic_Boss_Single,107
108,70408,70408,6,1,109,FightLogic_Boss_Normal_Fish_OnlyEx,FightLogic_Boss_Normal_Fish_MFEX4,FightLogic_Boss_Normal_Fish_MBEX4,FightLogic_Boss_Normal_Fish_MMEX4,FightLogic_Boss_Single,108
109,70409,70409,6,1,110,FightLogic_Boss_Normal_Fish_OnlyEx,FightLogic_Boss_Normal_Fish_MFEX4,FightLogic_Boss_Normal_Fish_MBEX4,FightLogic_Boss_Normal_Fish_MMEX4,FightLogic_Boss_Single,109
110,70410,70410,6,1,111,FightLogic_Boss_Normal_Fish_OnlyEx,FightLogic_Boss_Normal_Fish_MFEX4,FightLogic_Boss_Normal_Fish_MBEX4,FightLogic_Boss_Normal_Fish_MMEX4,FightLogic_Boss_Single,110
111,70411,70411,6,1,112,FightLogic_Boss_Normal_Fish_OnlyEx,FightLogic_Boss_Normal_Fish_MFEX4,FightLogic_Boss_Normal_Fish_MBEX4,FightLogic_Boss_Normal_Fish_MMEX4,FightLogic_Boss_Single,111
112,70412,70412,6,1,113,FightLogic_Boss_Normal_Fish_OnlyEx,FightLogic_Boss_Normal_Fish_MFEX4,FightLogic_Boss_Normal_Fish_MBEX4,FightLogic_Boss_Normal_Fish_MMEX4,FightLogic_Boss_Single,112
113,70413,70413,6,1,114,FightLogic_Boss_Normal_Fish_OnlyEx,FightLogic_Boss_Normal_Fish_MFEX4,FightLogic_Boss_Normal_Fish_MBEX4,FightLogic_Boss_Normal_Fish_MMEX4,FightLogic_Boss_Single,113
114,70414,70414,6,1,115,FightLogic_Boss_Normal_Fish_OnlyEx,FightLogic_Boss_Normal_Fish_MFEX4,FightLogic_Boss_Normal_Fish_MBEX4,FightLogic_Boss_Normal_Fish_MMEX4,FightLogic_Boss_Single,114
115,70415,70415,6,1,116,FightLogic_Boss_Normal_Fish_OnlyEx,FightLogic_Boss_Normal_Fish_MFEX4,FightLogic_Boss_Normal_Fish_MBEX4,FightLogic_Boss_Normal_Fish_MMEX4,FightLogic_Boss_Single,115
116,70416,70416,6,1,117,FightLogic_Boss_Normal_Fish_OnlyEx,FightLogic_Boss_Normal_Fish_MFEX4,FightLogic_Boss_Normal_Fish_MBEX4,FightLogic_Boss_Normal_Fish_MMEX4,FightLogic_Boss_Single,116
117,70417,70417,6,1,118,FightLogic_Boss_Normal_Fish_OnlyEx,FightLogic_Boss_Normal_Fish_MFEX4,FightLogic_Boss_Normal_Fish_MBEX4,FightLogic_Boss_Normal_Fish_MMEX4,FightLogic_Boss_Single,117
118,70418,70418,6,1,119,FightLogic_Boss_Normal_Fish_OnlyEx,FightLogic_Boss_Normal_Fish_MFEX4,FightLogic_Boss_Normal_Fish_MBEX4,FightLogic_Boss_Normal_Fish_MMEX4,FightLogic_Boss_Single,118
119,70419,70419,6,1,120,FightLogic_Boss_Normal_Fish_OnlyEx,FightLogic_Boss_Normal_Fish_MFEX4,FightLogic_Boss_Normal_Fish_MBEX4,FightLogic_Boss_Normal_Fish_MMEX4,FightLogic_Boss_Single,119
120,70420,70420,6,1,121,FightLogic_Boss_Normal_Fish_OnlyEx,FightLogic_Boss_Normal_Fish_MFEX4,FightLogic_Boss_Normal_Fish_MBEX4,FightLogic_Boss_Normal_Fish_MMEX4,FightLogic_Boss_Single,120
121,70401,70401,7,1,122,FightLogic_Boss_Normal_Fish_OnlyEx,FightLogic_Boss_Normal_Fish_MFEX5,FightLogic_Boss_Normal_Fish_MBEX5,FightLogic_Boss_Normal_Fish_MMEX5,FightLogic_Boss_With_Normal,101
122,70402,70402,7,1,123,FightLogic_Boss_Normal_Fish_OnlyEx,FightLogic_Boss_Normal_Fish_MFEX5,FightLogic_Boss_Normal_Fish_MBEX5,FightLogic_Boss_Normal_Fish_MMEX5,FightLogic_Boss_With_Normal,102
123,70403,70403,7,1,124,FightLogic_Boss_Normal_Fish_OnlyEx,FightLogic_Boss_Normal_Fish_MFEX5,FightLogic_Boss_Normal_Fish_MBEX5,FightLogic_Boss_Normal_Fish_MMEX5,FightLogic_Boss_With_Normal,103
124,70404,70404,7,1,125,FightLogic_Boss_Normal_Fish_OnlyEx,FightLogic_Boss_Normal_Fish_MFEX5,FightLogic_Boss_Normal_Fish_MBEX5,FightLogic_Boss_Normal_Fish_MMEX5,FightLogic_Boss_With_Normal,104
125,70405,70405,7,1,126,FightLogic_Boss_Normal_Fish_OnlyEx,FightLogic_Boss_Normal_Fish_MFEX5,FightLogic_Boss_Normal_Fish_MBEX5,FightLogic_Boss_Normal_Fish_MMEX5,FightLogic_Boss_With_Normal,105
126,70406,70406,7,1,127,FightLogic_Boss_Normal_Fish_OnlyEx,FightLogic_Boss_Normal_Fish_MFEX5,FightLogic_Boss_Normal_Fish_MBEX5,FightLogic_Boss_Normal_Fish_MMEX5,FightLogic_Boss_With_Normal,106
127,70407,70407,7,1,128,FightLogic_Boss_Normal_Fish_OnlyEx,FightLogic_Boss_Normal_Fish_MFEX5,FightLogic_Boss_Normal_Fish_MBEX5,FightLogic_Boss_Normal_Fish_MMEX5,FightLogic_Boss_With_Normal,107
128,70408,70408,7,1,129,FightLogic_Boss_Normal_Fish_OnlyEx,FightLogic_Boss_Normal_Fish_MFEX5,FightLogic_Boss_Normal_Fish_MBEX5,FightLogic_Boss_Normal_Fish_MMEX5,FightLogic_Boss_With_Normal,108
129,70409,70409,7,1,130,FightLogic_Boss_Normal_Fish_OnlyEx,FightLogic_Boss_Normal_Fish_MFEX5,FightLogic_Boss_Normal_Fish_MBEX5,FightLogic_Boss_Normal_Fish_MMEX5,FightLogic_Boss_With_Normal,109
130,70410,70410,7,1,131,FightLogic_Boss_Normal_Fish_OnlyEx,FightLogic_Boss_Normal_Fish_MFEX5,FightLogic_Boss_Normal_Fish_MBEX5,FightLogic_Boss_Normal_Fish_MMEX5,FightLogic_Boss_With_Normal,110
131,70411,70411,7,1,132,FightLogic_Boss_Normal_Fish_OnlyEx,FightLogic_Boss_Normal_Fish_MFEX5,FightLogic_Boss_Normal_Fish_MBEX5,FightLogic_Boss_Normal_Fish_MMEX5,FightLogic_Boss_With_Normal,111
132,70412,70412,7,1,133,FightLogic_Boss_Normal_Fish_OnlyEx,FightLogic_Boss_Normal_Fish_MFEX5,FightLogic_Boss_Normal_Fish_MBEX5,FightLogic_Boss_Normal_Fish_MMEX5,FightLogic_Boss_With_Normal,112
133,70413,70413,7,1,134,FightLogic_Boss_Normal_Fish_OnlyEx,FightLogic_Boss_Normal_Fish_MFEX5,FightLogic_Boss_Normal_Fish_MBEX5,FightLogic_Boss_Normal_Fish_MMEX5,FightLogic_Boss_With_Normal,113
134,70414,70414,7,1,135,FightLogic_Boss_Normal_Fish_OnlyEx,FightLogic_Boss_Normal_Fish_MFEX5,FightLogic_Boss_Normal_Fish_MBEX5,FightLogic_Boss_Normal_Fish_MMEX5,FightLogic_Boss_With_Normal,114
135,70415,70415,7,1,136,FightLogic_Boss_Normal_Fish_OnlyEx,FightLogic_Boss_Normal_Fish_MFEX5,FightLogic_Boss_Normal_Fish_MBEX5,FightLogic_Boss_Normal_Fish_MMEX5,FightLogic_Boss_With_Normal,115
136,70416,70416,7,1,137,FightLogic_Boss_Normal_Fish_OnlyEx,FightLogic_Boss_Normal_Fish_MFEX5,FightLogic_Boss_Normal_Fish_MBEX5,FightLogic_Boss_Normal_Fish_MMEX5,FightLogic_Boss_With_Normal,116
137,70417,70417,7,1,138,FightLogic_Boss_Normal_Fish_OnlyEx,FightLogic_Boss_Normal_Fish_MFEX5,FightLogic_Boss_Normal_Fish_MBEX5,FightLogic_Boss_Normal_Fish_MMEX5,FightLogic_Boss_With_Normal,117
138,70418,70418,7,1,139,FightLogic_Boss_Normal_Fish_OnlyEx,FightLogic_Boss_Normal_Fish_MFEX5,FightLogic_Boss_Normal_Fish_MBEX5,FightLogic_Boss_Normal_Fish_MMEX5,FightLogic_Boss_With_Normal,118
139,70419,70419,7,1,140,FightLogic_Boss_Normal_Fish_OnlyEx,FightLogic_Boss_Normal_Fish_MFEX5,FightLogic_Boss_Normal_Fish_MBEX5,FightLogic_Boss_Normal_Fish_MMEX5,FightLogic_Boss_With_Normal,119
140,70420,70420,7,1,141,FightLogic_Boss_Normal_Fish_OnlyEx,FightLogic_Boss_Normal_Fish_MFEX5,FightLogic_Boss_Normal_Fish_MBEX5,FightLogic_Boss_Normal_Fish_MMEX5,FightLogic_Boss_With_Normal,120
141,70401,70401,8,1,142,FightLogic_Boss_Normal_Fish_OnlyEx,FightLogic_Boss_Normal_Fish_MFEX6,FightLogic_Boss_Normal_Fish_MBEX6,FightLogic_Boss_Normal_Fish_MMEX6,FightLogic_Boss_With_Elite,101
142,70402,70402,8,1,143,FightLogic_Boss_Normal_Fish_OnlyEx,FightLogic_Boss_Normal_Fish_MFEX6,FightLogic_Boss_Normal_Fish_MBEX6,FightLogic_Boss_Normal_Fish_MMEX6,FightLogic_Boss_With_Elite,102
143,70403,70403,8,1,144,FightLogic_Boss_Normal_Fish_OnlyEx,FightLogic_Boss_Normal_Fish_MFEX6,FightLogic_Boss_Normal_Fish_MBEX6,FightLogic_Boss_Normal_Fish_MMEX6,FightLogic_Boss_With_Elite,103
144,70404,70404,8,1,145,FightLogic_Boss_Normal_Fish_OnlyEx,FightLogic_Boss_Normal_Fish_MFEX6,FightLogic_Boss_Normal_Fish_MBEX6,FightLogic_Boss_Normal_Fish_MMEX6,FightLogic_Boss_With_Elite,104
145,70405,70405,8,1,146,FightLogic_Boss_Normal_Fish_OnlyEx,FightLogic_Boss_Normal_Fish_MFEX6,FightLogic_Boss_Normal_Fish_MBEX6,FightLogic_Boss_Normal_Fish_MMEX6,FightLogic_Boss_With_Elite,105
146,70406,70406,8,1,147,FightLogic_Boss_Normal_Fish_OnlyEx,FightLogic_Boss_Normal_Fish_MFEX6,FightLogic_Boss_Normal_Fish_MBEX6,FightLogic_Boss_Normal_Fish_MMEX6,FightLogic_Boss_With_Elite,106
147,70407,70407,8,1,148,FightLogic_Boss_Normal_Fish_OnlyEx,FightLogic_Boss_Normal_Fish_MFEX6,FightLogic_Boss_Normal_Fish_MBEX6,FightLogic_Boss_Normal_Fish_MMEX6,FightLogic_Boss_With_Elite,107
148,70408,70408,8,1,149,FightLogic_Boss_Normal_Fish_OnlyEx,FightLogic_Boss_Normal_Fish_MFEX6,FightLogic_Boss_Normal_Fish_MBEX6,FightLogic_Boss_Normal_Fish_MMEX6,FightLogic_Boss_With_Elite,108
149,70409,70409,8,1,150,FightLogic_Boss_Normal_Fish_OnlyEx,FightLogic_Boss_Normal_Fish_MFEX6,FightLogic_Boss_Normal_Fish_MBEX6,FightLogic_Boss_Normal_Fish_MMEX6,FightLogic_Boss_With_Elite,109
150,70410,70410,8,1,151,FightLogic_Boss_Normal_Fish_OnlyEx,FightLogic_Boss_Normal_Fish_MFEX6,FightLogic_Boss_Normal_Fish_MBEX6,FightLogic_Boss_Normal_Fish_MMEX6,FightLogic_Boss_With_Elite,110
151,70411,70411,8,1,152,FightLogic_Boss_Normal_Fish_OnlyEx,FightLogic_Boss_Normal_Fish_MFEX6,FightLogic_Boss_Normal_Fish_MBEX6,FightLogic_Boss_Normal_Fish_MMEX6,FightLogic_Boss_With_Elite,111
152,70412,70412,8,1,153,FightLogic_Boss_Normal_Fish_OnlyEx,FightLogic_Boss_Normal_Fish_MFEX6,FightLogic_Boss_Normal_Fish_MBEX6,FightLogic_Boss_Normal_Fish_MMEX6,FightLogic_Boss_With_Elite,112
153,70413,70413,8,1,154,FightLogic_Boss_Normal_Fish_OnlyEx,FightLogic_Boss_Normal_Fish_MFEX6,FightLogic_Boss_Normal_Fish_MBEX6,FightLogic_Boss_Normal_Fish_MMEX6,FightLogic_Boss_With_Elite,113
154,70414,70414,8,1,155,FightLogic_Boss_Normal_Fish_OnlyEx,FightLogic_Boss_Normal_Fish_MFEX6,FightLogic_Boss_Normal_Fish_MBEX6,FightLogic_Boss_Normal_Fish_MMEX6,FightLogic_Boss_With_Elite,114
155,70415,70415,8,1,156,FightLogic_Boss_Normal_Fish_OnlyEx,FightLogic_Boss_Normal_Fish_MFEX6,FightLogic_Boss_Normal_Fish_MBEX6,FightLogic_Boss_Normal_Fish_MMEX6,FightLogic_Boss_With_Elite,115
156,70416,70416,8,1,157,FightLogic_Boss_Normal_Fish_OnlyEx,FightLogic_Boss_Normal_Fish_MFEX6,FightLogic_Boss_Normal_Fish_MBEX6,FightLogic_Boss_Normal_Fish_MMEX6,FightLogic_Boss_With_Elite,116
157,70417,70417,8,1,158,FightLogic_Boss_Normal_Fish_OnlyEx,FightLogic_Boss_Normal_Fish_MFEX6,FightLogic_Boss_Normal_Fish_MBEX6,FightLogic_Boss_Normal_Fish_MMEX6,FightLogic_Boss_With_Elite,117
158,70418,70418,8,1,159,FightLogic_Boss_Normal_Fish_OnlyEx,FightLogic_Boss_Normal_Fish_MFEX6,FightLogic_Boss_Normal_Fish_MBEX6,FightLogic_Boss_Normal_Fish_MMEX6,FightLogic_Boss_With_Elite,118
159,70419,70419,8,1,160,FightLogic_Boss_Normal_Fish_OnlyEx,FightLogic_Boss_Normal_Fish_MFEX6,FightLogic_Boss_Normal_Fish_MBEX6,FightLogic_Boss_Normal_Fish_MMEX6,FightLogic_Boss_With_Elite,119
160,70420,70420,8,1,161,FightLogic_Boss_Normal_Fish_OnlyEx,FightLogic_Boss_Normal_Fish_MFEX6,FightLogic_Boss_Normal_Fish_MBEX6,FightLogic_Boss_Normal_Fish_MMEX6,FightLogic_Boss_With_Elite,120
161,70401,70401,9,1,162,FightLogic_Boss_Normal_Fish_OnlyEx,FightLogic_Boss_Normal_Fish_MFEX6,FightLogic_Boss_Normal_Fish_MBEX6,FightLogic_Boss_Normal_Fish_MMEX6,FightLogic_Boss_With_Ex,101
162,70402,70402,9,1,163,FightLogic_Boss_Normal_Fish_OnlyEx,FightLogic_Boss_Normal_Fish_MFEX6,FightLogic_Boss_Normal_Fish_MBEX6,FightLogic_Boss_Normal_Fish_MMEX6,FightLogic_Boss_With_Ex,102
163,70403,70403,9,1,164,FightLogic_Boss_Normal_Fish_OnlyEx,FightLogic_Boss_Normal_Fish_MFEX6,FightLogic_Boss_Normal_Fish_MBEX6,FightLogic_Boss_Normal_Fish_MMEX6,FightLogic_Boss_With_Ex,103
164,70404,70404,9,1,165,FightLogic_Boss_Normal_Fish_OnlyEx,FightLogic_Boss_Normal_Fish_MFEX6,FightLogic_Boss_Normal_Fish_MBEX6,FightLogic_Boss_Normal_Fish_MMEX6,FightLogic_Boss_With_Ex,104
165,70405,70405,9,1,166,FightLogic_Boss_Normal_Fish_OnlyEx,FightLogic_Boss_Normal_Fish_MFEX6,FightLogic_Boss_Normal_Fish_MBEX6,FightLogic_Boss_Normal_Fish_MMEX6,FightLogic_Boss_With_Ex,105
166,70406,70406,9,1,167,FightLogic_Boss_Normal_Fish_OnlyEx,FightLogic_Boss_Normal_Fish_MFEX6,FightLogic_Boss_Normal_Fish_MBEX6,FightLogic_Boss_Normal_Fish_MMEX6,FightLogic_Boss_With_Ex,106
167,70407,70407,9,1,168,FightLogic_Boss_Normal_Fish_OnlyEx,FightLogic_Boss_Normal_Fish_MFEX6,FightLogic_Boss_Normal_Fish_MBEX6,FightLogic_Boss_Normal_Fish_MMEX6,FightLogic_Boss_With_Ex,107
168,70408,70408,9,1,169,FightLogic_Boss_Normal_Fish_OnlyEx,FightLogic_Boss_Normal_Fish_MFEX6,FightLogic_Boss_Normal_Fish_MBEX6,FightLogic_Boss_Normal_Fish_MMEX6,FightLogic_Boss_With_Ex,108
169,70409,70409,9,1,170,FightLogic_Boss_Normal_Fish_OnlyEx,FightLogic_Boss_Normal_Fish_MFEX6,FightLogic_Boss_Normal_Fish_MBEX6,FightLogic_Boss_Normal_Fish_MMEX6,FightLogic_Boss_With_Ex,109
170,70410,70410,9,1,171,FightLogic_Boss_Normal_Fish_OnlyEx,FightLogic_Boss_Normal_Fish_MFEX6,FightLogic_Boss_Normal_Fish_MBEX6,FightLogic_Boss_Normal_Fish_MMEX6,FightLogic_Boss_With_Ex,110
171,70411,70411,9,1,172,FightLogic_Boss_Normal_Fish_OnlyEx,FightLogic_Boss_Normal_Fish_MFEX6,FightLogic_Boss_Normal_Fish_MBEX6,FightLogic_Boss_Normal_Fish_MMEX6,FightLogic_Boss_With_Ex,111
172,70412,70412,9,1,173,FightLogic_Boss_Normal_Fish_OnlyEx,FightLogic_Boss_Normal_Fish_MFEX6,FightLogic_Boss_Normal_Fish_MBEX6,FightLogic_Boss_Normal_Fish_MMEX6,FightLogic_Boss_With_Ex,112
173,70413,70413,9,1,174,FightLogic_Boss_Normal_Fish_OnlyEx,FightLogic_Boss_Normal_Fish_MFEX6,FightLogic_Boss_Normal_Fish_MBEX6,FightLogic_Boss_Normal_Fish_MMEX6,FightLogic_Boss_With_Ex,113
174,70414,70414,9,1,175,FightLogic_Boss_Normal_Fish_OnlyEx,FightLogic_Boss_Normal_Fish_MFEX6,FightLogic_Boss_Normal_Fish_MBEX6,FightLogic_Boss_Normal_Fish_MMEX6,FightLogic_Boss_With_Ex,114
175,70415,70415,9,1,176,FightLogic_Boss_Normal_Fish_OnlyEx,FightLogic_Boss_Normal_Fish_MFEX6,FightLogic_Boss_Normal_Fish_MBEX6,FightLogic_Boss_Normal_Fish_MMEX6,FightLogic_Boss_With_Ex,115
176,70416,70416,9,1,177,FightLogic_Boss_Normal_Fish_OnlyEx,FightLogic_Boss_Normal_Fish_MFEX6,FightLogic_Boss_Normal_Fish_MBEX6,FightLogic_Boss_Normal_Fish_MMEX6,FightLogic_Boss_With_Ex,116
177,70417,70417,9,1,178,FightLogic_Boss_Normal_Fish_OnlyEx,FightLogic_Boss_Normal_Fish_MFEX6,FightLogic_Boss_Normal_Fish_MBEX6,FightLogic_Boss_Normal_Fish_MMEX6,FightLogic_Boss_With_Ex,117
178,70418,70418,9,1,179,FightLogic_Boss_Normal_Fish_OnlyEx,FightLogic_Boss_Normal_Fish_MFEX6,FightLogic_Boss_Normal_Fish_MBEX6,FightLogic_Boss_Normal_Fish_MMEX6,FightLogic_Boss_With_Ex,118
179,70419,70419,9,1,180,FightLogic_Boss_Normal_Fish_OnlyEx,FightLogic_Boss_Normal_Fish_MFEX6,FightLogic_Boss_Normal_Fish_MBEX6,FightLogic_Boss_Normal_Fish_MMEX6,FightLogic_Boss_With_Ex,119
180,70420,70420,9,1,181,FightLogic_Boss_Normal_Fish_OnlyEx,FightLogic_Boss_Normal_Fish_MFEX6,FightLogic_Boss_Normal_Fish_MBEX6,FightLogic_Boss_Normal_Fish_MMEX6,FightLogic_Boss_With_Ex,120
181,70401,70401,10,1,182,FightLogic_Boss_Normal_Fish_OnlyEx,FightLogic_Boss_Normal_Fish_MFEX6,FightLogic_Boss_Normal_Fish_MBEX6,FightLogic_Boss_Normal_Fish_MMEX6,FightLogic_Boss_With_Ex,101
182,70402,70402,10,1,183,FightLogic_Boss_Normal_Fish_OnlyEx,FightLogic_Boss_Normal_Fish_MFEX6,FightLogic_Boss_Normal_Fish_MBEX6,FightLogic_Boss_Normal_Fish_MMEX6,FightLogic_Boss_With_Ex,102
183,70403,70403,10,1,184,FightLogic_Boss_Normal_Fish_OnlyEx,FightLogic_Boss_Normal_Fish_MFEX6,FightLogic_Boss_Normal_Fish_MBEX6,FightLogic_Boss_Normal_Fish_MMEX6,FightLogic_Boss_With_Ex,103
184,70404,70404,10,1,185,FightLogic_Boss_Normal_Fish_OnlyEx,FightLogic_Boss_Normal_Fish_MFEX6,FightLogic_Boss_Normal_Fish_MBEX6,FightLogic_Boss_Normal_Fish_MMEX6,FightLogic_Boss_With_Ex,104
185,70405,70405,10,1,186,FightLogic_Boss_Normal_Fish_OnlyEx,FightLogic_Boss_Normal_Fish_MFEX6,FightLogic_Boss_Normal_Fish_MBEX6,FightLogic_Boss_Normal_Fish_MMEX6,FightLogic_Boss_With_Ex,105
186,70406,70406,10,1,187,FightLogic_Boss_Normal_Fish_OnlyEx,FightLogic_Boss_Normal_Fish_MFEX6,FightLogic_Boss_Normal_Fish_MBEX6,FightLogic_Boss_Normal_Fish_MMEX6,FightLogic_Boss_With_Ex,106
187,70407,70407,10,1,188,FightLogic_Boss_Normal_Fish_OnlyEx,FightLogic_Boss_Normal_Fish_MFEX6,FightLogic_Boss_Normal_Fish_MBEX6,FightLogic_Boss_Normal_Fish_MMEX6,FightLogic_Boss_With_Ex,107
188,70408,70408,10,1,189,FightLogic_Boss_Normal_Fish_OnlyEx,FightLogic_Boss_Normal_Fish_MFEX6,FightLogic_Boss_Normal_Fish_MBEX6,FightLogic_Boss_Normal_Fish_MMEX6,FightLogic_Boss_With_Ex,108
189,70409,70409,10,1,190,FightLogic_Boss_Normal_Fish_OnlyEx,FightLogic_Boss_Normal_Fish_MFEX6,FightLogic_Boss_Normal_Fish_MBEX6,FightLogic_Boss_Normal_Fish_MMEX6,FightLogic_Boss_With_Ex,109
190,70410,70410,10,1,191,FightLogic_Boss_Normal_Fish_OnlyEx,FightLogic_Boss_Normal_Fish_MFEX6,FightLogic_Boss_Normal_Fish_MBEX6,FightLogic_Boss_Normal_Fish_MMEX6,FightLogic_Boss_With_Ex,110
191,70411,70411,10,1,192,FightLogic_Boss_Normal_Fish_OnlyEx,FightLogic_Boss_Normal_Fish_MFEX6,FightLogic_Boss_Normal_Fish_MBEX6,FightLogic_Boss_Normal_Fish_MMEX6,FightLogic_Boss_With_Ex,111
192,70412,70412,10,1,193,FightLogic_Boss_Normal_Fish_OnlyEx,FightLogic_Boss_Normal_Fish_MFEX6,FightLogic_Boss_Normal_Fish_MBEX6,FightLogic_Boss_Normal_Fish_MMEX6,FightLogic_Boss_With_Ex,112
193,70413,70413,10,1,194,FightLogic_Boss_Normal_Fish_OnlyEx,FightLogic_Boss_Normal_Fish_MFEX6,FightLogic_Boss_Normal_Fish_MBEX6,FightLogic_Boss_Normal_Fish_MMEX6,FightLogic_Boss_With_Ex,113
194,70414,70414,10,1,195,FightLogic_Boss_Normal_Fish_OnlyEx,FightLogic_Boss_Normal_Fish_MFEX6,FightLogic_Boss_Normal_Fish_MBEX6,FightLogic_Boss_Normal_Fish_MMEX6,FightLogic_Boss_With_Ex,114
195,70415,70415,10,1,196,FightLogic_Boss_Normal_Fish_OnlyEx,FightLogic_Boss_Normal_Fish_MFEX6,FightLogic_Boss_Normal_Fish_MBEX6,FightLogic_Boss_Normal_Fish_MMEX6,FightLogic_Boss_With_Ex,115
196,70416,70416,10,1,197,FightLogic_Boss_Normal_Fish_OnlyEx,FightLogic_Boss_Normal_Fish_MFEX6,FightLogic_Boss_Normal_Fish_MBEX6,FightLogic_Boss_Normal_Fish_MMEX6,FightLogic_Boss_With_Ex,116
197,70417,70417,10,1,198,FightLogic_Boss_Normal_Fish_OnlyEx,FightLogic_Boss_Normal_Fish_MFEX6,FightLogic_Boss_Normal_Fish_MBEX6,FightLogic_Boss_Normal_Fish_MMEX6,FightLogic_Boss_With_Ex,117
198,70418,70418,10,1,199,FightLogic_Boss_Normal_Fish_OnlyEx,FightLogic_Boss_Normal_Fish_MFEX6,FightLogic_Boss_Normal_Fish_MBEX6,FightLogic_Boss_Normal_Fish_MMEX6,FightLogic_Boss_With_Ex,118
199,70419,70419,10,1,200,FightLogic_Boss_Normal_Fish_OnlyEx,FightLogic_Boss_Normal_Fish_MFEX6,FightLogic_Boss_Normal_Fish_MBEX6,FightLogic_Boss_Normal_Fish_MMEX6,FightLogic_Boss_With_Ex,119
200,70420,70420,10,1,201,FightLogic_Boss_Normal_Fish_OnlyEx,FightLogic_Boss_Normal_Fish_MFEX6,FightLogic_Boss_Normal_Fish_MBEX6,FightLogic_Boss_Normal_Fish_MMEX6,FightLogic_Boss_With_Ex,120
