"""ID""","""Name""","""Desc""","""NameStrDict""","""DescStrDict""","""Icon""","""Model""","""Quality""","""DropItem""","""DropScale""","""StackNum"""
1,Weapon_3000,,80101,1,Equip/Weapon_HW_01,Weapon_HW_01_SM,2,Model/Weapon_HW_01_SM,0.6,1
2,Weapon_3001,,80102,1,Equip/Weapon_HW_02,Weapon_HW_02_SM,2,Model/Weapon_HW_02_SM,0.6,1
3,Weapon_3002,,80103,1,Equip/Weapon_HW_03,Weapon_HW_03_SM,2,Model/Weapon_HW_03_SM,0.6,1
4,Weapon_3003,,80104,1,Equip/Weapon_HW_04,Weapon_HW_04_SM,2,Model/Weapon_HW_04_SM,0.6,1
5,Weapon_3004,,80105,1,Equip/Weapon_HW_05,Weapon_HW_05_SM,2,Model/Weapon_HW_05_SM,0.6,1
6,Weapon_3005,,80106,1,Equip/Weapon_HW_06,Weapon_HW_06_SM,2,Model/Weapon_HW_06_SM,0.6,1
7,Weapon_3006,,80107,1,Equip/Weapon_HW_07,Weapon_HW_07_SM,2,Model/Weapon_HW_07_SM,0.6,1
8,Weapon_3007,,80108,1,Equip/Weapon_HW_08,Weapon_HW_08_SM,2,Model/Weapon_HW_08_SM,0.6,1
9,Weapon_3008,,80109,1,Equip/Weapon_HW_09,Weapon_HW_09_SM,2,Model/Weapon_HW_09_SM,0.6,1
10,Weapon_3009,,80110,1,Equip/Weapon_HW_10,Weapon_HW_10_SM,2,Model/Weapon_HW_10_SM,0.6,1
11,Weapon_3010,,80111,1,Equip/Weapon_HW_11,Weapon_HW_11_SM,2,Model/Weapon_HW_11_SM,0.6,1
12,Weapon_3011,,80112,1,Equip/Weapon_HW_12,Weapon_HW_12_SM,2,Model/Weapon_HW_12_SM,0.6,1
1001,Weapon_3519,,80001,1,Equip/Weapon_S_01,Weapon_S_01_SM,2,Model/Weapon_S_01_SM,0.6,1
1002,Weapon_3520,,80002,1,Equip/Weapon_S_02,Weapon_S_02_SM,2,Model/Weapon_S_02_SM,0.6,1
1003,Weapon_3521,,80003,1,Equip/Weapon_S_03,Weapon_S_03_SM,2,Model/Weapon_S_03_SM,0.6,1
1004,Weapon_3522,,80004,1,Equip/Weapon_S_04,Weapon_S_04_SM,2,Model/Weapon_S_04_SM,0.6,1
1005,Weapon_3523,,80005,1,Equip/Weapon_S_05,Weapon_S_05_SM,2,Model/Weapon_S_05_SM,0.6,1
1006,Weapon_3524,,80006,1,Equip/Weapon_S_06,Weapon_S_06_SM,2,Model/Weapon_S_06_SM,0.6,1
1007,Weapon_3525,,80007,1,Equip/Weapon_S_07,Weapon_S_07_SM,2,Model/Weapon_S_07_SM,0.6,1
1008,Weapon_3526,,80008,1,Equip/Weapon_S_08,Weapon_S_08_SM,2,Model/Weapon_S_08_SM,0.6,1
1009,Weapon_3527,,80009,1,Equip/Weapon_S_09,Weapon_S_09_SM,2,Model/Weapon_S_09_SM,0.6,1
1010,Weapon_3528,,80010,1,Equip/Weapon_S_10,Weapon_S_10_SM,2,Model/Weapon_S_10_SM,0.6,1
1011,Weapon_3529,,80011,1,Equip/Weapon_S_11,Weapon_S_11_SM,2,Model/Weapon_S_11_SM,0.6,1
1012,Weapon_3530,,80012,1,Equip/Weapon_S_12,Weapon_S_12_SM,2,Model/Weapon_S_12_SM,0.6,1
10001,Clothes_6000,,80201,1,Equip/Cloth_01,Clothes_6000,2,Drop/Drop_055/Drop_055,1,1
10002,Clothes_6001,,80202,1,Equip/Cloth_02,Clothes_6001,2,Drop/Drop_055/Drop_055,1,1
10003,Clothes_6002,,80203,1,Equip/Cloth_03,Clothes_6002,2,Drop/Drop_055/Drop_055,1,1
10004,Clothes_6003,,80204,1,Equip/Cloth_04,Clothes_6003,2,Drop/Drop_055/Drop_055,1,1
10005,Clothes_6004,,80205,1,Equip/Cloth_05,Clothes_6004,2,Drop/Drop_055/Drop_055,1,1
10006,Clothes_6005,,80206,1,Equip/Cloth_06,Clothes_6005,2,Drop/Drop_055/Drop_055,1,1
10007,Clothes_6006,,80207,1,Equip/Cloth_07,Clothes_6006,2,Drop/Drop_055/Drop_055,1,1
10008,Clothes_6007,,80208,1,Equip/Cloth_08,Clothes_6007,2,Drop/Drop_055/Drop_055,1,1
10009,Clothes_6008,,80209,1,Equip/Cloth_09,Clothes_6008,2,Drop/Drop_055/Drop_055,1,1
10010,Clothes_6009,,80210,1,Equip/Cloth_10,Clothes_6009,2,Drop/Drop_055/Drop_055,1,1
11001,Shoes_9000,,80301,1,Equip/Shoes_01,Shoes_9000,2,Drop/Drop_055/Drop_055,1,1
11002,Shoes_9001,,80302,1,Equip/Shoes_02,Shoes_9001,2,Drop/Drop_055/Drop_055,1,1
11003,Shoes_9002,,80303,1,Equip/Shoes_03,Shoes_9002,2,Drop/Drop_055/Drop_055,1,1
11004,Shoes_9003,,80304,1,Equip/Shoes_04,Shoes_9003,2,Drop/Drop_055/Drop_055,1,1
11005,Shoes_9004,,80305,1,Equip/Shoes_05,Shoes_9004,2,Drop/Drop_055/Drop_055,1,1
11006,Shoes_9005,,80306,1,Equip/Shoes_06,Shoes_9005,2,Drop/Drop_055/Drop_055,1,1
11007,Shoes_9006,,80307,1,Equip/Shoes_07,Shoes_9006,2,Drop/Drop_055/Drop_055,1,1
11008,Shoes_9007,,80308,1,Equip/Shoes_08,Shoes_9007,2,Drop/Drop_055/Drop_055,1,1
11009,Shoes_9008,,80309,1,Equip/Shoes_09,Shoes_9008,2,Drop/Drop_055/Drop_055,1,1
11010,Shoes_9009,,80310,1,Equip/Shoes_10,Shoes_9009,2,Drop/Drop_055/Drop_055,1,1
12001,Necklace_7000,,80401,1,Equip/Necklace_01,Necklace_7000,2,Drop/Drop_055/Drop_055,1,1
12002,Necklace_7001,,80402,1,Equip/Necklace_02,Necklace_7001,2,Drop/Drop_055/Drop_055,1,1
12003,Necklace_7002,,80403,1,Equip/Necklace_03,Necklace_7002,2,Drop/Drop_055/Drop_055,1,1
12004,Necklace_7003,,80404,1,Equip/Necklace_04,Necklace_7003,2,Drop/Drop_055/Drop_055,1,1
12005,Necklace_7004,,80405,1,Equip/Necklace_05,Necklace_7004,2,Drop/Drop_055/Drop_055,1,1
12006,Necklace_7005,,80406,1,Equip/Necklace_06,Necklace_7005,2,Drop/Drop_055/Drop_055,1,1
12007,Necklace_7006,,80407,1,Equip/Necklace_07,Necklace_7006,2,Drop/Drop_055/Drop_055,1,1
12008,Necklace_7007,,80408,1,Equip/Necklace_08,Necklace_7007,2,Drop/Drop_055/Drop_055,1,1
12009,Necklace_7008,,80409,1,Equip/Necklace_09,Necklace_7008,2,Drop/Drop_055/Drop_055,1,1
12010,Necklace_7009,,80410,1,Equip/Necklace_10,Necklace_7009,2,Drop/Drop_055/Drop_055,1,1
13001,Rings_8000,,80501,1,Equip/Ring_01,Rings_8000,2,Drop/Drop_055/Drop_055,1,1
13002,Rings_8001,,80502,1,Equip/Ring_02,Rings_8001,2,Drop/Drop_055/Drop_055,1,1
13003,Rings_8002,,80503,1,Equip/Ring_03,Rings_8002,2,Drop/Drop_055/Drop_055,1,1
13004,Rings_8003,,80504,1,Equip/Ring_04,Rings_8003,2,Drop/Drop_055/Drop_055,1,1
13005,Rings_8004,,80505,1,Equip/Ring_05,Rings_8004,2,Drop/Drop_055/Drop_055,1,1
13006,Rings_8005,,80506,1,Equip/Ring_06,Rings_8005,2,Drop/Drop_055/Drop_055,1,1
13007,Rings_8006,,80507,1,Equip/Ring_07,Rings_8006,2,Drop/Drop_055/Drop_055,1,1
13008,Rings_8007,,80508,1,Equip/Ring_08,Rings_8007,2,Drop/Drop_055/Drop_055,1,1
13009,Rings_8008,,80509,1,Equip/Ring_09,Rings_8008,2,Drop/Drop_055/Drop_055,1,1
13010,Rings_8009,,80510,1,Equip/Ring_10,Rings_8009,2,Drop/Drop_055/Drop_055,1,1
20000,EquipResetMaterial,,1,1,EquipStuff01,EquipStuff01,1,Drop/Drop_055/Drop_055,1,1
60000,GamblingDiamond,,1,1,FB_005,FB_005,1,Drop/Drop_055/Drop_055,1,1
60001,GamblingWeapon,,1,1,FB_005,FB_005,2,Drop/Drop_055/Drop_055,1,1
60002,GamblingDefence,,1,1,FB_005,FB_005,3,Drop/Drop_055/Drop_055,1,1
60003,GamblingJwalry,,1,1,FB_005,FB_005,4,Drop/Drop_055/Drop_055,1,1
70001,Gem1-1,Atk,33001,34001,gem/gem_atk,FB_005,2,Drop/Gem/Gem4,1,999
70002,Gem1-2,Def,33002,34002,gem/gem_def,FB_005,2,Drop/Gem/Gem3,1,999
70003,Gem1-3,Str,33003,34003,gem/gem_str,FB_005,2,Drop/Gem/Gem4,1,999
70004,Gem1-4,Dec,33004,34004,gem/gem_dec,FB_005,3,Drop/Gem/Gem3,1,999
70005,Gem1-5,Int,33005,34005,gem/gem_int,FB_005,3,Drop/Gem/Gem5,1,999
70006,Gem2-1,Vit,33006,34006,gem/gem_vit,FB_005,3,Drop/Gem/Gem6,1,999
70007,Gem2-2,Fire Atk,33007,34007,gem/gem_fire_atk,FB_005,3,Drop/Gem/Gem4,1,999
70008,Gem2-3,Cold Atk,33008,34008,gem/gem_ice_atk,FB_005,4,Drop/Gem/Gem3,1,999
70009,Gem2-4,Lighting Atk,33009,34009,gem/gem_light_atk,FB_005,4,Drop/Gem/Gem5,1,999
70010,Gem2-5,Wind Atk,33010,34010,gem/gem_wind_atk,FB_005,4,Drop/Gem/Gem6,1,999
71000,anyGem1,anyGem1,35000,35001,FB_005,FB_005,4,Drop/Gem/Gem3,1,999
71001,anyGem2,anyGem2,35002,35003,FB_005,FB_005,4,Drop/Gem/Gem3,1,999
120000,Weapon_3000,,90000,1,Equip/Weapon_HW_01,Weapon_HW_01_SM,4,Drop/Drop_055/Drop_055,1,1
120001,Weapon_3001,,90001,1,Equip/Weapon_HW_02,Weapon_HW_02_SM,4,Drop/Drop_055/Drop_055,1,1
120002,Weapon_3002,,90002,1,Equip/Weapon_HW_03,Weapon_HW_03_SM,4,Drop/Drop_055/Drop_055,1,1
120003,Weapon_3003,,90003,1,Equip/Weapon_HW_04,Weapon_HW_04_SM,4,Drop/Drop_055/Drop_055,1,1
120004,Weapon_3004,,90004,1,Equip/Weapon_HW_05,Weapon_HW_05_SM,4,Drop/Drop_055/Drop_055,1,1
120005,Weapon_3005,,90005,1,Equip/Weapon_HW_06,Weapon_HW_06_SM,4,Drop/Drop_055/Drop_055,1,1
120006,Weapon_3006,,90006,1,Equip/Weapon_HW_07,Weapon_HW_07_SM,4,Drop/Drop_055/Drop_055,1,1
120007,Weapon_3007,,90007,1,Equip/Weapon_HW_08,Weapon_HW_08_SM,4,Drop/Drop_055/Drop_055,1,1
120008,Weapon_3008,,90008,1,Equip/Weapon_HW_09,Weapon_HW_09_SM,4,Drop/Drop_055/Drop_055,1,1
120009,Weapon_3009,,90009,1,Equip/Weapon_HW_10,Weapon_HW_10_SM,4,Drop/Drop_055/Drop_055,1,1
120010,Weapon_3010,,90010,1,Equip/Weapon_HW_11,Weapon_HW_11_SM,4,Drop/Drop_055/Drop_055,1,1
120011,Weapon_3011,,90011,1,Equip/Weapon_HW_12,Weapon_HW_12_SM,4,Drop/Drop_055/Drop_055,1,1
120012,Weapon_3010,,90012,1,Equip/Weapon_HW_11,Weapon_HW_11_SM,4,Drop/Drop_055/Drop_055,1,1
120013,Weapon_3011,,90013,1,Equip/Weapon_HW_12,Weapon_HW_12_SM,4,Drop/Drop_055/Drop_055,1,1
120100,Weapon_3519,,90014,1,Equip/Weapon_S_01,Weapon_S_01_SM,4,Drop/Drop_055/Drop_055,1,1
120101,Weapon_3520,,90015,1,Equip/Weapon_S_02,Weapon_S_02_SM,4,Drop/Drop_055/Drop_055,1,1
120102,Weapon_3521,,90016,1,Equip/Weapon_S_03,Weapon_S_03_SM,4,Drop/Drop_055/Drop_055,1,1
120103,Weapon_3522,,90017,1,Equip/Weapon_S_04,Weapon_S_04_SM,4,Drop/Drop_055/Drop_055,1,1
120104,Weapon_3523,,90018,1,Equip/Weapon_S_05,Weapon_S_05_SM,4,Drop/Drop_055/Drop_055,1,1
120105,Weapon_3524,,90019,1,Equip/Weapon_S_06,Weapon_S_06_SM,4,Drop/Drop_055/Drop_055,1,1
120106,Weapon_3525,,90020,1,Equip/Weapon_S_07,Weapon_S_07_SM,4,Drop/Drop_055/Drop_055,1,1
120107,Weapon_3526,,90021,1,Equip/Weapon_S_08,Weapon_S_08_SM,4,Drop/Drop_055/Drop_055,1,1
120108,Weapon_3527,,90022,1,Equip/Weapon_S_09,Weapon_S_09_SM,4,Drop/Drop_055/Drop_055,1,1
120109,Weapon_3528,,90023,1,Equip/Weapon_S_10,Weapon_S_10_SM,4,Drop/Drop_055/Drop_055,1,1
120110,Weapon_3529,,90024,1,Equip/Weapon_S_11,Weapon_S_11_SM,4,Drop/Drop_055/Drop_055,1,1
120111,Weapon_3530,,90025,1,Equip/Weapon_S_12,Weapon_S_12_SM,4,Drop/Drop_055/Drop_055,1,1
120112,Weapon_3529,,90026,1,Equip/Weapon_S_11,Weapon_S_11_SM,4,Drop/Drop_055/Drop_055,1,1
120113,Weapon_3530,,90027,1,Equip/Weapon_S_12,Weapon_S_12_SM,4,Drop/Drop_055/Drop_055,1,1
121001,Clothes_6000,,90028,1,Equip/Cloth_01,Clothes_6000,4,Drop/Drop_055/Drop_055,1,1
121002,Clothes_6001,,90029,1,Equip/Cloth_02,Clothes_6001,4,Drop/Drop_055/Drop_055,1,1
121003,Clothes_6002,,90030,1,Equip/Cloth_03,Clothes_6002,4,Drop/Drop_055/Drop_055,1,1
121004,Clothes_6003,,90031,1,Equip/Cloth_04,Clothes_6003,4,Drop/Drop_055/Drop_055,1,1
121005,Clothes_6004,,90032,1,Equip/Cloth_05,Clothes_6004,4,Drop/Drop_055/Drop_055,1,1
121006,Clothes_6005,,90033,1,Equip/Cloth_06,Clothes_6005,4,Drop/Drop_055/Drop_055,1,1
121007,Clothes_6006,,90034,1,Equip/Cloth_07,Clothes_6006,4,Drop/Drop_055/Drop_055,1,1
121008,Clothes_6007,,90035,1,Equip/Cloth_08,Clothes_6007,4,Drop/Drop_055/Drop_055,1,1
121009,Clothes_6008,,90036,1,Equip/Cloth_09,Clothes_6008,4,Drop/Drop_055/Drop_055,1,1
121010,Clothes_6009,,90037,1,Equip/Cloth_10,Clothes_6009,4,Drop/Drop_055/Drop_055,1,1
122001,Shoes_9000,,90038,1,Equip/Shoes_01,Shoes_9000,4,Drop/Drop_055/Drop_055,1,1
122002,Shoes_9001,,90039,1,Equip/Shoes_02,Shoes_9001,4,Drop/Drop_055/Drop_055,1,1
122003,Shoes_9002,,90040,1,Equip/Shoes_03,Shoes_9002,4,Drop/Drop_055/Drop_055,1,1
122004,Shoes_9003,,90041,1,Equip/Shoes_04,Shoes_9003,4,Drop/Drop_055/Drop_055,1,1
122005,Shoes_9004,,90042,1,Equip/Shoes_05,Shoes_9004,4,Drop/Drop_055/Drop_055,1,1
122006,Shoes_9005,,90043,1,Equip/Shoes_06,Shoes_9005,4,Drop/Drop_055/Drop_055,1,1
122007,Shoes_9006,,90044,1,Equip/Shoes_07,Shoes_9006,4,Drop/Drop_055/Drop_055,1,1
122008,Shoes_9007,,90045,1,Equip/Shoes_08,Shoes_9007,4,Drop/Drop_055/Drop_055,1,1
123001,Necklace_7000,,90046,1,Equip/Necklace_01,Necklace_7000,4,Drop/Drop_055/Drop_055,1,1
123002,Necklace_7001,,90047,1,Equip/Necklace_02,Necklace_7001,4,Drop/Drop_055/Drop_055,1,1
123003,Necklace_7002,,90048,1,Equip/Necklace_03,Necklace_7002,4,Drop/Drop_055/Drop_055,1,1
123004,Necklace_7003,,90049,1,Equip/Necklace_04,Necklace_7003,4,Drop/Drop_055/Drop_055,1,1
123005,Necklace_7004,,90050,1,Equip/Necklace_05,Necklace_7004,4,Drop/Drop_055/Drop_055,1,1
123006,Necklace_7005,,90051,1,Equip/Necklace_06,Necklace_7005,4,Drop/Drop_055/Drop_055,1,1
123007,Necklace_7006,,90052,1,Equip/Necklace_07,Necklace_7006,4,Drop/Drop_055/Drop_055,1,1
123008,Necklace_7007,,90053,1,Equip/Necklace_08,Necklace_7007,4,Drop/Drop_055/Drop_055,1,1
123009,Necklace_7008,,90054,1,Equip/Necklace_09,Necklace_7008,4,Drop/Drop_055/Drop_055,1,1
123010,Necklace_7009,,90055,1,Equip/Necklace_10,Necklace_7009,4,Drop/Drop_055/Drop_055,1,1
124001,Rings_8000,,90056,1,Equip/Ring_01,Rings_8000,4,Drop/Drop_055/Drop_055,1,1
124002,Rings_8001,,90057,1,Equip/Ring_02,Rings_8001,4,Drop/Drop_055/Drop_055,1,1
124003,Rings_8002,,90058,1,Equip/Ring_03,Rings_8002,4,Drop/Drop_055/Drop_055,1,1
124004,Rings_8003,,90059,1,Equip/Ring_04,Rings_8003,4,Drop/Drop_055/Drop_055,1,1
124005,Rings_8004,,90060,1,Equip/Ring_05,Rings_8004,4,Drop/Drop_055/Drop_055,1,1
124006,Rings_8005,,90061,1,Equip/Ring_06,Rings_8005,4,Drop/Drop_055/Drop_055,1,1
124007,Rings_8006,,90062,1,Equip/Ring_07,Rings_8006,4,Drop/Drop_055/Drop_055,1,1
124008,Rings_8007,,90063,1,Equip/Ring_08,Rings_8007,4,Drop/Drop_055/Drop_055,1,1
124009,Rings_8008,,90064,1,Equip/Ring_09,Rings_8008,4,Drop/Drop_055/Drop_055,1,1
124010,Rings_8009,,90065,1,Equip/Ring_10,Rings_8009,4,Drop/Drop_055/Drop_055,1,1
125000,Clothes_6009,,90100,1,Equip/Cloth_09,Clothes_6009,4,Drop/Drop_055/Drop_055,1,1
125001,Shoes_9000,,90100,1,Equip/Shoes_09,Shoes_9000,4,Drop/Drop_055/Drop_055,1,1
125002,Necklace_7009,,90100,1,Equip/Necklace_09,Necklace_7009,4,Drop/Drop_055/Drop_055,1,1
125003,Rings_8000,,90100,1,Equip/Ring_09,Rings_8000,4,Drop/Drop_055/Drop_055,1,1
126000,Clothes_6009,,90200,1,Equip/Cloth_08,Clothes_6009,4,Drop/Drop_055/Drop_055,1,1
126001,Shoes_9000,,90200,1,Equip/Shoes_08,Shoes_9000,4,Drop/Drop_055/Drop_055,1,1
126002,Necklace_7009,,90200,1,Equip/Necklace_08,Necklace_7009,4,Drop/Drop_055/Drop_055,1,1
126003,Rings_8000,,90200,1,Equip/Ring_08,Rings_8000,4,Drop/Drop_055/Drop_055,1,1
127000,Clothes_6009,,90300,1,Equip/Cloth_07,Clothes_6009,4,Drop/Drop_055/Drop_055,1,1
127001,Shoes_9000,,90300,1,Equip/Shoes_07,Shoes_9000,4,Drop/Drop_055/Drop_055,1,1
127002,Necklace_7009,,90300,1,Equip/Necklace_07,Necklace_7009,4,Drop/Drop_055/Drop_055,1,1
127003,Rings_8000,,90300,1,Equip/Ring_07,Rings_8000,4,Drop/Drop_055/Drop_055,1,1
128000,Clothes_6009,,90400,1,Equip/Cloth_06,Clothes_6009,4,Drop/Drop_055/Drop_055,1,1
128001,Shoes_9000,,90400,1,Equip/Shoes_06,Shoes_9000,4,Drop/Drop_055/Drop_055,1,1
128002,Necklace_7009,,90400,1,Equip/Necklace_06,Necklace_7009,4,Drop/Drop_055/Drop_055,1,1
128003,Rings_8000,,90400,1,Equip/Ring_06,Rings_8000,4,Drop/Drop_055/Drop_055,1,1
999999,Rings_8009,,1,1,Rings_8009,Rings_8009,4,Drop/Drop_055/Drop_055,1,1
#shopItems,,,,,,,,,1,1
1000001,diamond,,2000001,2100001,money/good_icon_1,Rings_8009,4,Drop/Gem/Gem3,1,999
1000002,gold,,2000002,2100002,money/com_icon_money_02,Rings_8009,3,Drop/Gem/Gem3,1,999
1000011,gem,,2000011,2100011,gem/gem_atk,Rings_8009,2,Drop/Gem/Gem3,1,999
1000012,gem,,2000012,2100012,gem/gem_def,Rings_8009,2,Drop/Gem/Gem3,1,999
1000013,gem,,2000013,2100013,gem/gem_str,Rings_8009,2,Drop/Gem/Gem3,1,999
1000014,gem,,2000014,2100014,gem/gem_dec,Rings_8009,2,Drop/Gem/Gem3,1,999
1000015,gem,,2000015,2100015,gem/gem_int,Rings_8009,2,Drop/Gem/Gem3,1,999
1000016,gem,,2000016,2100016,gem/gem_vit,Rings_8009,2,Drop/Gem/Gem3,1,999
1000017,gem,,2000017,2100017,gem/gem_fire_atk,Rings_8009,2,Drop/Gem/Gem3,1,999
1000018,gem,,2000018,2100018,gem/gem_ice_atk,Rings_8009,2,Drop/Gem/Gem3,1,999
1000019,gem,,2000019,2100019,gem/gem_light_atk,Rings_8009,2,Drop/Gem/Gem3,1,999
1000020,gem,,2000020,2100020,gem/gem_wind_atk,Rings_8009,2,Drop/Gem/Gem3,1,999
1000030,gem,,2000030,2100030,item/suijizhuangbei,Rings_8009,3,Drop/Gem/Gem3,1,999
1000101,Element,,2000101,2100101,Rings_8009,Rings_8009,2,Drop/Gem/Gem3,1,999
1000102,Element,,2000102,2100102,Rings_8009,Rings_8009,2,Drop/Gem/Gem3,1,999
1000103,Element,,2000103,2100103,Rings_8009,Rings_8009,2,Drop/Gem/Gem3,1,999
1000104,Element,,2000104,2100104,Rings_8009,Rings_8009,2,Drop/Gem/Gem3,1,999
1000105,Element,,2000105,2100105,Rings_8009,Rings_8009,2,Drop/Gem/Gem3,1,999
1000106,Element,,2000106,2100106,Rings_8009,Rings_8009,2,Drop/Gem/Gem3,1,999
1000107,Element,,2000107,2100107,Rings_8009,Rings_8009,2,Drop/Gem/Gem3,1,999
1000108,Element,,2000108,2100108,Rings_8009,Rings_8009,2,Drop/Gem/Gem3,1,999
1000109,Element,,2000109,2100109,Rings_8009,Rings_8009,2,Drop/Gem/Gem3,1,999
1000110,Element,,2000110,2100110,Rings_8009,Rings_8009,2,Drop/Gem/Gem3,1,999
1000111,Element,,2000111,2100111,Rings_8009,Rings_8009,2,Drop/Gem/Gem3,1,999
1000130,Element,,2000130,2100130,Rings_8009,Rings_8009,3,Drop/Gem/Gem3,1,999
1001001,item,BossTicket,2001001,2101001,Rings_8009,Rings_8009,3,Drop/Gem/Gem3,1,999
1001002,item,GoldTicket,2001002,2101002,item/item_yy_lunpanyouhui,Rings_8009,3,Drop/Gem/Gem3,1,999
1001003,item,GoldLotteryItem,2001003,2101003,item/item_paper_3,Rings_8009,4,Drop/Gem/Gem3,1,999
1001004,item,DiamondLotteryItem,2001004,2101004,item/item_paper_4,Rings_8009,4,Drop/Gem/Gem3,1,999
#element material,,,,,,,,,1,1
1100001,FiveElement1,Strength,1310001,1,FB_005,FB_005,1,Drop/Gem/Gem1,1,999
1100002,FiveElement2,Dexterity,1310002,1,FB_005,FB_005,2,Drop/Gem/Gem2,1,999
1100003,FiveElement3,Intelligence,1310003,1,FB_005,FB_005,3,Drop/Gem/Gem3,1,999
1100004,FiveElement4,Vitality,1310004,1,FB_005,FB_005,4,Drop/Gem/Gem4,1,999
1100005,FiveElement5,HPMax,1310005,1,FB_005,FB_005,5,Drop/Gem/Gem5,1,999
1100006,FiveElement6,Attack,1310006,1,FB_005,FB_005,1,Drop/Gem/Gem1,1,999
1100007,FiveElement7,Defense,1310007,1,FB_005,FB_005,2,Drop/Gem/Gem2,1,999
1100008,FiveElement8,FireAttackAdd,1310008,1,FB_005,FB_005,3,Drop/Gem/Gem3,1,999
1100009,FiveElement9,ColdAttackAdd,1310009,1,FB_005,FB_005,4,Drop/Gem/Gem4,1,999
1100010,FiveElement10,LightingAttackAdd,1310010,1,FB_005,FB_005,5,Drop/Gem/Gem5,1,999
1100011,FiveElement11,WindAttackAdd,1310011,1,FB_005,FB_005,5,Drop/Gem/Gem5,1,999
#soul&summon,,,,,,,,,1,1
1200001,GoldLotteryItem,GoldLotteryItem,1250000,1250002,item/item_paper_3,FB_005,2,Drop/Drop_055/Drop_055,1,999
1200002,DiamondLotteryItem,DiamondLotteryItem,1250001,1250003,item/item_paper_4,FB_005,3,Drop/Drop_055/Drop_055,1,999
1210001,MonChiFuShanZeiDuiZhang,MonChiFuShanZeiDuiZhang,1,1,FB_005,FB_005,5,Drop/Drop_055/Drop_055,1,999
1210002,MonChuiBingDuiZhang,MonChuiBingDuiZhang,1,1,FB_005,FB_005,5,Drop/Drop_055/Drop_055,1,999
1210003,MonDaoBingDuiZhang,MonDaoBingDuiZhang,1,1,FB_005,FB_005,5,Drop/Drop_055/Drop_055,1,999
1210004,MonFuBingDuiZhang,MonFuBingDuiZhang,1,1,FB_005,FB_005,5,Drop/Drop_055/Drop_055,1,999
1210005,MonGaiBangDuiZhang,MonGaiBangDuiZhang,1,1,FB_005,FB_005,5,Drop/Drop_055/Drop_055,1,999
1210006,MonGongBing,MonGongBing,1,1,FB_005,FB_005,5,Drop/Drop_055/Drop_055,1,999
1210007,MonGongBingDuiZhang,MonGongBingDuiZhang,1,1,FB_005,FB_005,5,Drop/Drop_055/Drop_055,1,999
1210008,MonGunSengDuiZhang,MonGunSengDuiZhang,1,1,FB_005,FB_005,5,Drop/Drop_055/Drop_055,1,999
1210009,MonJianBingDuiZhang,MonJianBingDuiZhang,1,1,FB_005,FB_005,5,Drop/Drop_055/Drop_055,1,999
1210010,MonNanDaoShi,MonNanDaoShi,1,1,FB_005,FB_005,5,Drop/Drop_055/Drop_055,1,999
1210011,MonNanDaoShiDuiZhang,MonNanDaoShiDuiZhang,1,1,FB_005,FB_005,5,Drop/Drop_055/Drop_055,1,999
1210012,MonQiLin,MonQiLin,1,1,FB_005,FB_005,5,Drop/Drop_055/Drop_055,1,999
1210013,MonQiLinMo,MonQiLinMo,1,1,FB_005,FB_005,5,Drop/Drop_055/Drop_055,1,999
1210014,MonQiLinShui,MonQiLinShui,1,1,FB_005,FB_005,5,Drop/Drop_055/Drop_055,1,999
1210015,MonShaShouDuiZhang,MonShaShouDuiZhang,1,1,FB_005,FB_005,5,Drop/Drop_055/Drop_055,1,999
1210016,MonShuangDaoBingDuiZhang,MonShuangDaoBingDuiZhang,1,1,FB_005,FB_005,5,Drop/Drop_055/Drop_055,1,999
1220001,HeroBaiQi,HeroBaiQi,1,1,FB_005,FB_005,5,Drop/Drop_055/Drop_055,1,999
1220002,HeroCaoCao,HeroCaoCao,1,1,FB_005,FB_005,5,Drop/Drop_055/Drop_055,1,999
1220003,HeroDaJi,HeroDaJi,1,1,FB_005,FB_005,5,Drop/Drop_055/Drop_055,1,999
1220004,HeroDianWei,HeroDianWei,1,1,FB_005,FB_005,5,Drop/Drop_055/Drop_055,1,999
1220005,HeroDiaoChan,HeroDiaoChan,1,1,FB_005,FB_005,5,Drop/Drop_055/Drop_055,1,999
1220006,HeroDiRenJie,HeroDiRenJie,1,1,FB_005,FB_005,5,Drop/Drop_055/Drop_055,1,999
1220007,HeroJiangZiYa,HeroJiangZiYa,1,1,FB_005,FB_005,5,Drop/Drop_055/Drop_055,1,999
1220008,HeroJingKe,HeroJingKe,1,1,FB_005,FB_005,5,Drop/Drop_055/Drop_055,1,999
1220009,HeroLeiZhenZi,HeroLeiZhenZi,1,1,FB_005,FB_005,5,Drop/Drop_055/Drop_055,1,999
1220010,HeroLianPo,HeroLianPo,1,1,FB_005,FB_005,5,Drop/Drop_055/Drop_055,1,999
1220011,HeroLuBan,HeroLuBan,1,1,FB_005,FB_005,5,Drop/Drop_055/Drop_055,1,999
1220012,HeroNeZha,HeroNeZha,1,1,FB_005,FB_005,5,Drop/Drop_055/Drop_055,1,999
1220013,HeroShengGongBao,HeroShengGongBao,1,1,FB_005,FB_005,5,Drop/Drop_055/Drop_055,1,999
1220014,HeroWenZhong,HeroWenZhong,1,1,FB_005,FB_005,5,Drop/Drop_055/Drop_055,1,999
1220015,HeroWuZeTian,HeroWuZeTian,1,1,FB_005,FB_005,5,Drop/Drop_055/Drop_055,1,999
1220016,HeroXiShi,HeroXiShi,1,1,FB_005,FB_005,5,Drop/Drop_055/Drop_055,1,999
1220017,HeroYangGuiFei,HeroYangGuiFei,1,1,FB_005,FB_005,5,Drop/Drop_055/Drop_055,1,999
1220018,HeroYangJian,HeroYangJian,1,1,FB_005,FB_005,5,Drop/Drop_055/Drop_055,1,999
1220019,HeroZhaoYun,HeroZhaoYun,1,1,FB_005,FB_005,5,Drop/Drop_055/Drop_055,1,999
1220020,HeroZhouWang,HeroZhouWang,1,1,FB_005,FB_005,5,Drop/Drop_055/Drop_055,1,999
1230001,MonChiFuShanZeiDuiZhang,MonChiFuShanZeiDuiZhang,1,1,FB_005,FB_005,5,Drop/Drop_055/Drop_055,1,999
1230002,MonChuiBingDuiZhang,MonChuiBingDuiZhang,1,1,FB_005,FB_005,5,Drop/Drop_055/Drop_055,1,999
1230003,MonDaoBingDuiZhang,MonDaoBingDuiZhang,1,1,FB_005,FB_005,5,Drop/Drop_055/Drop_055,1,999
1230004,MonFuBingDuiZhang,MonFuBingDuiZhang,1,1,FB_005,FB_005,5,Drop/Drop_055/Drop_055,1,999
1230005,MonGaiBangDuiZhang,MonGaiBangDuiZhang,1,1,FB_005,FB_005,5,Drop/Drop_055/Drop_055,1,999
1230006,MonGongBing,MonGongBing,1,1,FB_005,FB_005,5,Drop/Drop_055/Drop_055,1,999
1230007,MonGongBingDuiZhang,MonGongBingDuiZhang,1,1,FB_005,FB_005,5,Drop/Drop_055/Drop_055,1,999
1230008,MonGunSengDuiZhang,MonGunSengDuiZhang,1,1,FB_005,FB_005,5,Drop/Drop_055/Drop_055,1,999
1230009,MonJianBingDuiZhang,MonJianBingDuiZhang,1,1,FB_005,FB_005,5,Drop/Drop_055/Drop_055,1,999
1230010,MonNanDaoShi,MonNanDaoShi,1,1,FB_005,FB_005,5,Drop/Drop_055/Drop_055,1,999
1230011,MonNanDaoShiDuiZhang,MonNanDaoShiDuiZhang,1,1,FB_005,FB_005,5,Drop/Drop_055/Drop_055,1,999
1230012,MonQiLin,MonQiLin,1,1,FB_005,FB_005,5,Drop/Drop_055/Drop_055,1,999
1230013,MonQiLinMo,MonQiLinMo,1,1,FB_005,FB_005,5,Drop/Drop_055/Drop_055,1,999
1230014,MonQiLinShui,MonQiLinShui,1,1,FB_005,FB_005,5,Drop/Drop_055/Drop_055,1,999
1230015,MonShaShouDuiZhang,MonShaShouDuiZhang,1,1,FB_005,FB_005,5,Drop/Drop_055/Drop_055,1,999
1230016,MonShuangDaoBingDuiZhang,MonShuangDaoBingDuiZhang,1,1,FB_005,FB_005,5,Drop/Drop_055/Drop_055,1,999
1240001,HeroBaiQi,HeroBaiQi,1,1,FB_005,FB_005,5,Drop/Drop_055/Drop_055,1,999
1240002,HeroCaoCao,HeroCaoCao,1,1,FB_005,FB_005,5,Drop/Drop_055/Drop_055,1,999
1240003,HeroDaJi,HeroDaJi,1,1,FB_005,FB_005,5,Drop/Drop_055/Drop_055,1,999
1240004,HeroDianWei,HeroDianWei,1,1,FB_005,FB_005,5,Drop/Drop_055/Drop_055,1,999
1240005,HeroDiaoChan,HeroDiaoChan,1,1,FB_005,FB_005,5,Drop/Drop_055/Drop_055,1,999
1240006,HeroDiRenJie,HeroDiRenJie,1,1,FB_005,FB_005,5,Drop/Drop_055/Drop_055,1,999
1240007,HeroJiangZiYa,HeroJiangZiYa,1,1,FB_005,FB_005,5,Drop/Drop_055/Drop_055,1,999
1240008,HeroJingKe,HeroJingKe,1,1,FB_005,FB_005,5,Drop/Drop_055/Drop_055,1,999
1240009,HeroLeiZhenZi,HeroLeiZhenZi,1,1,FB_005,FB_005,5,Drop/Drop_055/Drop_055,1,999
1240010,HeroLianPo,HeroLianPo,1,1,FB_005,FB_005,5,Drop/Drop_055/Drop_055,1,999
1240011,HeroLuBan,HeroLuBan,1,1,FB_005,FB_005,5,Drop/Drop_055/Drop_055,1,999
1240012,HeroNeZha,HeroNeZha,1,1,FB_005,FB_005,5,Drop/Drop_055/Drop_055,1,999
1240013,HeroShengGongBao,HeroShengGongBao,1,1,FB_005,FB_005,5,Drop/Drop_055/Drop_055,1,999
1240014,HeroWenZhong,HeroWenZhong,1,1,FB_005,FB_005,5,Drop/Drop_055/Drop_055,1,999
1240015,HeroWuZeTian,HeroWuZeTian,1,1,FB_005,FB_005,5,Drop/Drop_055/Drop_055,1,999
1240016,HeroXiShi,HeroXiShi,1,1,FB_005,FB_005,5,Drop/Drop_055/Drop_055,1,999
1240017,HeroYangGuiFei,HeroYangGuiFei,1,1,FB_005,FB_005,5,Drop/Drop_055/Drop_055,1,999
1240018,HeroYangJian,HeroYangJian,1,1,FB_005,FB_005,5,Drop/Drop_055/Drop_055,1,999
1240019,HeroZhaoYun,HeroZhaoYun,1,1,FB_005,FB_005,5,Drop/Drop_055/Drop_055,1,999
1240020,HeroZhouWang,HeroZhouWang,1,1,FB_005,FB_005,5,Drop/Drop_055/Drop_055,1,999
#element core,,,,,,,,,1,
1500001,FiveElement1,FiveElement1,1320001,1,FB_005,FB_005,1,Drop/Gem/Gem1,1,999
1500002,FiveElement2,FiveElement2,1320001,1,FB_005,FB_005,2,Drop/Gem/Gem2,1,999
1500003,FiveElement3,FiveElement3,1320001,1,FB_005,FB_005,3,Drop/Gem/Gem3,1,999
1500004,FiveElement4,FiveElement4,1320001,1,FB_005,FB_005,4,Drop/Gem/Gem4,1,999
1500005,FiveElement5,FiveElement5,1320001,1,FB_005,FB_005,5,Drop/Gem/Gem5,1,999
1500101,FiveElement1,FiveElement1,1320002,1,FB_005,FB_005,1,Drop/Gem/Gem1,1,999
1500102,FiveElement2,FiveElement2,1320002,1,FB_005,FB_005,2,Drop/Gem/Gem2,1,999
1500103,FiveElement3,FiveElement3,1320002,1,FB_005,FB_005,3,Drop/Gem/Gem3,1,999
1500104,FiveElement4,FiveElement4,1320002,1,FB_005,FB_005,4,Drop/Gem/Gem4,1,999
1500105,FiveElement5,FiveElement5,1320002,1,FB_005,FB_005,5,Drop/Gem/Gem5,1,999
1500201,FiveElement1,FiveElement1,1320003,1,FB_005,FB_005,1,Drop/Gem/Gem1,1,999
1500202,FiveElement2,FiveElement2,1320003,1,FB_005,FB_005,2,Drop/Gem/Gem2,1,999
1500203,FiveElement3,FiveElement3,1320003,1,FB_005,FB_005,3,Drop/Gem/Gem3,1,999
1500204,FiveElement4,FiveElement4,1320003,1,FB_005,FB_005,4,Drop/Gem/Gem4,1,999
1500205,FiveElement5,FiveElement5,1320003,1,FB_005,FB_005,5,Drop/Gem/Gem5,1,999
1500301,FiveElement1,FiveElement1,1320004,1,FB_005,FB_005,1,Drop/Gem/Gem1,1,999
1500302,FiveElement2,FiveElement2,1320004,1,FB_005,FB_005,2,Drop/Gem/Gem2,1,999
1500303,FiveElement3,FiveElement3,1320004,1,FB_005,FB_005,3,Drop/Gem/Gem3,1,999
1500304,FiveElement4,FiveElement4,1320004,1,FB_005,FB_005,4,Drop/Gem/Gem4,1,999
1500305,FiveElement5,FiveElement5,1320004,1,FB_005,FB_005,5,Drop/Gem/Gem5,1,999
1500401,FiveElement1,FiveElement1,1320005,1,FB_005,FB_005,1,Drop/Gem/Gem1,1,999
1500402,FiveElement2,FiveElement2,1320005,1,FB_005,FB_005,2,Drop/Gem/Gem2,1,999
1500403,FiveElement3,FiveElement3,1320005,1,FB_005,FB_005,3,Drop/Gem/Gem3,1,999
1500404,FiveElement4,FiveElement4,1320005,1,FB_005,FB_005,4,Drop/Gem/Gem4,1,999
1500405,FiveElement5,FiveElement5,1320005,1,FB_005,FB_005,5,Drop/Gem/Gem5,1,999
#ticket,,,,,,,,,1,
1600000,BossTicket,BossTicket,71000,72000,item/item_yy_lunpanyouhui,FB_005,2,Drop/Drop_055/Drop_055,1,999
1600001,GoldTicket,GoldTicket,71001,72000,FB_005,FB_005,2,Drop/Drop_055/Drop_055,1,999
1600002,GambleTicket,GoldTicket,71001,72003,item/icon_chuanqi,FB_005,2,Drop/Drop_055/Drop_055,1,999
#gift packet,,,,,,,,,1,
1700000,gold,gold,1700000,1710000,FB_005,FB_005,5,Drop/Gem/Gem5,1,999
1700001,gold,gold,1700001,1710001,FB_005,FB_005,5,Drop/Gem/Gem5,1,999
1700002,gold soul,gold soul,1700002,1710002,FB_005,FB_005,5,Drop/Gem/Gem5,1,999
1700003,gold soul,gold soul,1700003,1710003,FB_005,FB_005,5,Drop/Gem/Gem5,1,999
1700004,diamond soul,diamond soul,1700004,1710004,FB_005,FB_005,5,Drop/Gem/Gem5,1,999
1700005,diamond soul,diamond soul,1700005,1710005,FB_005,FB_005,5,Drop/Gem/Gem5,1,999
1700006,gambling,gambling,1700006,1710006,FB_005,FB_005,5,Drop/Gem/Gem5,1,999
1700007,gambling,gambling,1700007,1710007,FB_005,FB_005,5,Drop/Gem/Gem5,1,999
1700008,skill(diamond),skill(diamond),1700008,1710008,FB_005,FB_005,5,Drop/Gem/Gem5,1,999
1700009,skill,skill,1700009,1710009,FB_005,FB_005,5,Drop/Gem/Gem5,1,999
1700010,diamond soul 2,diamond soul 2,1700010,1710010,FB_005,FB_005,5,Drop/Gem/Gem5,1,999
1700011,diamond soul 2,diamond soul 2,1700011,1710011,FB_005,FB_005,5,Drop/Gem/Gem5,1,999
1700012,diamond soul one,diamond soul one,1700012,1710012,FB_005,FB_005,5,Drop/Gem/Gem5,1,999
1700013,diamond soul one,diamond soul one,1700013,1710013,FB_005,FB_005,5,Drop/Gem/Gem5,1,999
1700014,diamond soul one,diamond soul one,1700008,1700008,FB_005,FB_005,5,Drop/Gem/Gem5,1,999
1700015,diamond soul one,diamond soul one,1700008,1700008,FB_005,FB_005,5,Drop/Gem/Gem5,1,999
#skill,,,,,,,,,1,
1800000,SkillCard,SkillCard,63000,63001,item/item_zhaoshituyang1,FB_005,5,Drop/Gem/Gem5,1,999
