"""ID""","""??""","""??""","""Achieve""","""Class""","""SubClass""","""ConditionScript""","""ConditionParams1""","""ConditionParams2""","""ConditionParams3""","""ConditionNum""","""HardStar""","""AwardType""","""AwardSubType""","""AwardNum"""
1,,,0,PassNormalState,PassNormalState,ConPassNormalStage,-1,-1,-1,1,1,2,0,100
2,,,0,PassBossState,PassBossState,ConPassBossStage,-1,-1,-1,1,1,2,0,100
3,,,0,KillMonster,KillMonster,ConKillMonster,-1,4,-1,1,1,2,0,100
4,,,0,KillBoss,KillBoss,ConKillMonster,-1,1,-1,1,1,2,0,100
5,,,0,EquipGet,EquipGet,ConEquipGet,-1,-1,-1,1,1,2,0,100
6,,,0,EquipRefresh,EquipRefresh,ConEquipRefreshTimes,-1,-1,-1,1,1,2,0,100
8,,,0,Gambling,Gambling,ConGambling,-1,-1,-1,1,1,2,0,100
9,,,0,WatchMovie,WatchMovie,ConWatchMovie,-1,-1,-1,1,1,2,0,100
100,,,0,PassNormalState,PassNormalState,ConPassNormalStage,-1,-1,-1,2,2,2,0,100
101,,,0,PassBossState,PassBossState,ConPassBossStage,-1,-1,-1,2,2,2,0,100
102,,,0,KillMonster,KillMonster,ConKillMonster,-1,4,-1,2,2,2,0,100
103,,,0,KillBoss,KillBoss,ConKillMonster,-1,1,-1,2,2,2,0,100
104,,,0,GemLvUp,GemLvUp,ConGemLvUp,-1,-1,-1,1,2,2,0,100
105,,,0,EquipGet,EquipGet,ConEquipGet,-1,-1,-1,2,2,2,0,100
106,,,0,EquipRefresh,EquipRefresh,ConEquipRefreshTimes,-1,-1,-1,2,2,2,0,100
107,,,0,EquipDestory,EquipDestory,ConEquipDestory,-1,-1,-1,2,2,2,0,100
108,,,0,Gambling,Gambling,ConGambling,-1,-1,-1,2,2,2,0,100
109,,,0,lv up,lv up,ConRoleLvUp,-1,-1,-1,1,2,2,0,100
110,,,0,WatchMovie,WatchMovie,ConWatchMovie,-1,-1,-1,2,1,2,0,100
200,,,0,PassNormalState,PassNormalState,ConPassNormalStage,-1,-1,-1,3,3,2,0,100
201,,,0,PassBossState,PassBossState,ConPassBossStage,-1,-1,-1,3,3,2,0,100
202,,,0,KillMonster,KillMonster,ConKillMonster,-1,4,-1,3,3,2,0,100
203,,,0,KillBoss,KillBoss,ConKillMonster,-1,1,-1,3,3,2,0,100
204,,,0,GemLvUp,GemLvUp,ConGemLvUp,-1,-1,-1,2,3,2,0,100
205,,,0,EquipGet,EquipGet,ConEquipGet,-1,-1,-1,3,3,2,0,100
206,,,0,EquipRefresh,EquipRefresh,ConEquipRefreshTimes,-1,-1,-1,3,3,2,0,100
207,,,0,EquipDestory,EquipDestory,ConEquipDestory,-1,-1,-1,3,3,2,0,100
208,,,0,Gambling,Gambling,ConGambling,-1,-1,-1,3,3,2,0,100
209,,,0,lv up,lv up,ConRoleLvUp,-1,-1,-1,2,3,2,0,100
210,,,0,WatchMovie,WatchMovie,ConWatchMovie,-1,-1,-1,3,1,2,0,100
998,,,0,AllMissionComplate,AllMissionComplate,ConComplateDailyMission,-1,-1,-1,3,1,2,0,100
999,,,0,AllMissionComplate,AllMissionComplate,ConComplateDailyMission,1,-1,-1,3,1,2,0,100
2000,,,1,Fight,ConPassNormalStage,ConPassNormalStage,-1,-1,-1,1,1,0,0,1000
2001,,,1,Fight,ConPassNormalStage,ConPassNormalStage,-1,-1,-1,6,2,0,0,2000
2002,,,1,Fight,ConPassNormalStage,ConPassNormalStage,-1,-1,-1,12,3,0,0,3000
2003,,,1,Fight,ConPassNormalStage,ConPassNormalStage,-1,-1,-1,18,4,0,0,4000
2004,,,1,Fight,ConPassNormalStage,ConPassNormalStage,-1,-1,-1,24,5,0,0,5000
2005,,,1,Fight,ConPassNormalStage,ConPassNormalStage,-1,-1,-1,30,6,0,0,6000
2006,,,1,Fight,ConPassNormalStage,ConPassNormalStage,-1,-1,-1,36,7,0,0,7000
2007,,,1,Fight,ConPassNormalStage,ConPassNormalStage,-1,-1,-1,42,8,0,0,8000
2008,,,1,Fight,ConPassNormalStage,ConPassNormalStage,-1,-1,-1,50,9,0,0,9000
2009,,,1,Fight,ConPassNormalStage,ConPassNormalStage,-1,-1,-1,58,10,0,0,10000
2010,,,1,Fight,ConPassNormalStage,ConPassNormalStage,-1,-1,-1,66,11,0,0,11000
2011,,,1,Fight,ConPassNormalStage,ConPassNormalStage,-1,-1,-1,74,12,0,0,12000
2012,,,1,Fight,ConPassNormalStage,ConPassNormalStage,-1,-1,-1,82,13,0,0,13000
2013,,,1,Fight,ConPassNormalStage,ConPassNormalStage,-1,-1,-1,90,14,0,0,14000
2014,,,1,Fight,ConPassNormalStage,ConPassNormalStage,-1,-1,-1,98,15,0,0,15000
2015,,,1,Fight,ConPassNormalStage,ConPassNormalStage,-1,-1,-1,106,16,0,0,16000
2016,,,1,Fight,ConPassNormalStage,ConPassNormalStage,-1,-1,-1,114,17,0,0,17000
2017,,,1,Fight,ConPassNormalStage,ConPassNormalStage,-1,-1,-1,122,18,0,0,18000
2018,,,1,Fight,ConPassNormalStage,ConPassNormalStage,-1,-1,-1,130,19,0,0,19000
2019,,,1,Fight,ConPassNormalStage,ConPassNormalStage,-1,-1,-1,138,20,0,0,20000
2020,,,1,Fight,ConPassNormalStage,ConPassNormalStage,-1,-1,-1,146,21,0,0,22000
2021,,,1,Fight,ConPassNormalStage,ConPassNormalStage,-1,-1,-1,154,22,0,0,24000
2022,,,1,Fight,ConPassNormalStage,ConPassNormalStage,-1,-1,-1,162,23,0,0,26000
2023,,,1,Fight,ConPassNormalStage,ConPassNormalStage,-1,-1,-1,170,24,0,0,28000
2024,,,1,Fight,ConPassNormalStage,ConPassNormalStage,-1,-1,-1,178,25,0,0,30000
2025,,,1,Fight,ConPassNormalStage,ConPassNormalStage,-1,-1,-1,186,26,0,0,32000
2026,,,1,Fight,ConPassNormalStage,ConPassNormalStage,-1,-1,-1,194,27,0,0,34000
2027,,,1,Fight,ConPassNormalStage,ConPassNormalStage,-1,-1,-1,202,28,0,0,36000
2028,,,1,Fight,ConPassNormalStage,ConPassNormalStage,-1,-1,-1,210,29,0,0,38000
2029,,,1,Fight,ConPassNormalStage,ConPassNormalStage,-1,-1,-1,218,30,0,0,40000
2030,,,1,Fight,ConPassNormalStage,ConPassNormalStage,-1,-1,-1,226,31,0,0,42000
2031,,,1,Fight,ConPassNormalStage,ConPassNormalStage,-1,-1,-1,234,32,0,0,44000
2032,,,1,Fight,ConPassNormalStage,ConPassNormalStage,-1,-1,-1,242,33,0,0,46000
2033,,,1,Fight,ConPassNormalStage,ConPassNormalStage,-1,-1,-1,250,34,0,0,48000
2034,,,1,Fight,ConPassNormalStage,ConPassNormalStage,-1,-1,-1,258,35,0,0,50000
2035,,,1,Fight,ConPassNormalStage,ConPassNormalStage,-1,-1,-1,266,36,0,0,55000
2036,,,1,Fight,ConPassNormalStage,ConPassNormalStage,-1,-1,-1,274,37,0,0,60000
2037,,,1,Fight,ConPassNormalStage,ConPassNormalStage,-1,-1,-1,282,38,0,0,65000
2038,,,1,Fight,ConPassNormalStage,ConPassNormalStage,-1,-1,-1,290,39,0,0,70000
2039,,,1,Fight,ConPassNormalStage,ConPassNormalStage,-1,-1,-1,298,40,0,0,75000
2040,,,1,Fight,ConPassNormalStage,ConPassNormalStage,-1,-1,-1,306,41,0,0,80000
2041,,,1,Fight,ConPassNormalStage,ConPassNormalStage,-1,-1,-1,314,42,0,0,85000
2042,,,1,Fight,ConPassNormalStage,ConPassNormalStage,-1,-1,-1,322,43,0,0,90000
2043,,,1,Fight,ConPassNormalStage,ConPassNormalStage,-1,-1,-1,330,44,0,0,95000
2044,,,1,Fight,ConPassNormalStage,ConPassNormalStage,-1,-1,-1,338,45,0,0,100000
2045,,,1,Fight,ConPassNormalStage,ConPassNormalStage,-1,-1,-1,346,46,0,0,105000
2046,,,1,Fight,ConPassNormalStage,ConPassNormalStage,-1,-1,-1,354,47,0,0,110000
2047,,,1,Fight,ConPassNormalStage,ConPassNormalStage,-1,-1,-1,362,48,0,0,115000
2048,,,1,Fight,ConPassNormalStage,ConPassNormalStage,-1,-1,-1,370,49,0,0,120000
2049,,,1,Fight,ConPassNormalStage,ConPassNormalStage,-1,-1,-1,378,50,0,0,125000
3000,,,1,Fight,ConKillMonster,ConKillMonster,-1,-1,-1,300,1,0,0,1000
3001,,,1,Fight,ConKillMonster,ConKillMonster,-1,-1,-1,800,2,0,0,2000
3002,,,1,Fight,ConKillMonster,ConKillMonster,-1,-1,-1,1300,3,0,0,3000
3003,,,1,Fight,ConKillMonster,ConKillMonster,-1,-1,-1,1800,4,0,0,4000
3004,,,1,Fight,ConKillMonster,ConKillMonster,-1,-1,-1,2300,5,0,0,5000
3005,,,1,Fight,ConKillMonster,ConKillMonster,-1,-1,-1,2800,6,0,0,6000
3006,,,1,Fight,ConKillMonster,ConKillMonster,-1,-1,-1,3300,7,0,0,7000
3007,,,1,Fight,ConKillMonster,ConKillMonster,-1,-1,-1,4100,8,0,0,8000
3008,,,1,Fight,ConKillMonster,ConKillMonster,-1,-1,-1,4900,9,0,0,9000
3009,,,1,Fight,ConKillMonster,ConKillMonster,-1,-1,-1,5700,10,0,0,10000
3010,,,1,Fight,ConKillMonster,ConKillMonster,-1,-1,-1,6500,11,0,0,11000
3011,,,1,Fight,ConKillMonster,ConKillMonster,-1,-1,-1,7300,12,0,0,12000
3012,,,1,Fight,ConKillMonster,ConKillMonster,-1,-1,-1,8100,13,0,0,13000
3013,,,1,Fight,ConKillMonster,ConKillMonster,-1,-1,-1,8900,14,0,0,14000
3014,,,1,Fight,ConKillMonster,ConKillMonster,-1,-1,-1,9700,15,0,0,15000
3015,,,1,Fight,ConKillMonster,ConKillMonster,-1,-1,-1,10500,16,0,0,16000
3016,,,1,Fight,ConKillMonster,ConKillMonster,-1,-1,-1,11300,17,0,0,17000
3017,,,1,Fight,ConKillMonster,ConKillMonster,-1,-1,-1,12100,18,0,0,18000
3018,,,1,Fight,ConKillMonster,ConKillMonster,-1,-1,-1,12900,19,0,0,19000
3019,,,1,Fight,ConKillMonster,ConKillMonster,-1,-1,-1,13700,20,0,0,20000
3020,,,1,Fight,ConKillMonster,ConKillMonster,-1,-1,-1,14800,21,0,0,22000
3021,,,1,Fight,ConKillMonster,ConKillMonster,-1,-1,-1,15900,22,0,0,24000
3022,,,1,Fight,ConKillMonster,ConKillMonster,-1,-1,-1,17000,23,0,0,26000
3023,,,1,Fight,ConKillMonster,ConKillMonster,-1,-1,-1,18100,24,0,0,28000
3024,,,1,Fight,ConKillMonster,ConKillMonster,-1,-1,-1,19200,25,0,0,30000
3025,,,1,Fight,ConKillMonster,ConKillMonster,-1,-1,-1,20300,26,0,0,32000
3026,,,1,Fight,ConKillMonster,ConKillMonster,-1,-1,-1,21400,27,0,0,34000
3027,,,1,Fight,ConKillMonster,ConKillMonster,-1,-1,-1,22500,28,0,0,36000
3028,,,1,Fight,ConKillMonster,ConKillMonster,-1,-1,-1,23600,29,0,0,38000
3029,,,1,Fight,ConKillMonster,ConKillMonster,-1,-1,-1,24700,30,0,0,40000
3030,,,1,Fight,ConKillMonster,ConKillMonster,-1,-1,-1,25800,31,0,0,42000
3031,,,1,Fight,ConKillMonster,ConKillMonster,-1,-1,-1,26900,32,0,0,44000
3032,,,1,Fight,ConKillMonster,ConKillMonster,-1,-1,-1,28000,33,0,0,46000
3033,,,1,Fight,ConKillMonster,ConKillMonster,-1,-1,-1,29100,34,0,0,48000
3034,,,1,Fight,ConKillMonster,ConKillMonster,-1,-1,-1,30200,35,0,0,50000
3035,,,1,Fight,ConKillMonster,ConKillMonster,-1,-1,-1,31300,36,0,0,55000
3036,,,1,Fight,ConKillMonster,ConKillMonster,-1,-1,-1,32400,37,0,0,60000
3037,,,1,Fight,ConKillMonster,ConKillMonster,-1,-1,-1,33500,38,0,0,65000
3038,,,1,Fight,ConKillMonster,ConKillMonster,-1,-1,-1,34600,39,0,0,70000
3039,,,1,Fight,ConKillMonster,ConKillMonster,-1,-1,-1,35700,40,0,0,75000
3040,,,1,Fight,ConKillMonster,ConKillMonster,-1,-1,-1,36800,41,0,0,80000
3041,,,1,Fight,ConKillMonster,ConKillMonster,-1,-1,-1,37900,42,0,0,85000
3042,,,1,Fight,ConKillMonster,ConKillMonster,-1,-1,-1,39000,43,0,0,90000
3043,,,1,Fight,ConKillMonster,ConKillMonster,-1,-1,-1,40100,44,0,0,95000
3044,,,1,Fight,ConKillMonster,ConKillMonster,-1,-1,-1,41200,45,0,0,100000
3045,,,1,Fight,ConKillMonster,ConKillMonster,-1,-1,-1,42300,46,0,0,105000
3046,,,1,Fight,ConKillMonster,ConKillMonster,-1,-1,-1,43400,47,0,0,110000
3047,,,1,Fight,ConKillMonster,ConKillMonster,-1,-1,-1,44500,48,0,0,115000
3048,,,1,Fight,ConKillMonster,ConKillMonster,-1,-1,-1,45600,49,0,0,120000
3049,,,1,Fight,ConKillMonster,ConKillMonster,-1,-1,-1,46700,50,0,0,125000
4000,,,1,Fight,ConKillBoss,ConKillMonster,-1,1,-1,4,1,0,0,1000
4001,,,1,Fight,ConKillBoss,ConKillMonster,-1,1,-1,9,2,0,0,2000
4002,,,1,Fight,ConKillBoss,ConKillMonster,-1,1,-1,16,3,0,0,3000
4003,,,1,Fight,ConKillBoss,ConKillMonster,-1,1,-1,23,4,0,0,4000
4004,,,1,Fight,ConKillBoss,ConKillMonster,-1,1,-1,30,5,0,0,5000
4005,,,1,Fight,ConKillBoss,ConKillMonster,-1,1,-1,37,6,0,0,6000
4006,,,1,Fight,ConKillBoss,ConKillMonster,-1,1,-1,44,7,0,0,7000
4007,,,1,Fight,ConKillBoss,ConKillMonster,-1,1,-1,51,8,0,0,8000
4008,,,1,Fight,ConKillBoss,ConKillMonster,-1,1,-1,58,9,0,0,9000
4009,,,1,Fight,ConKillBoss,ConKillMonster,-1,1,-1,65,10,0,0,10000
4010,,,1,Fight,ConKillBoss,ConKillMonster,-1,1,-1,72,11,0,0,11000
4011,,,1,Fight,ConKillBoss,ConKillMonster,-1,1,-1,79,12,0,0,12000
4012,,,1,Fight,ConKillBoss,ConKillMonster,-1,1,-1,86,13,0,0,13000
4013,,,1,Fight,ConKillBoss,ConKillMonster,-1,1,-1,93,14,0,0,14000
4014,,,1,Fight,ConKillBoss,ConKillMonster,-1,1,-1,100,15,0,0,15000
4015,,,1,Fight,ConKillBoss,ConKillMonster,-1,1,-1,107,16,0,0,16000
4016,,,1,Fight,ConKillBoss,ConKillMonster,-1,1,-1,114,17,0,0,17000
4017,,,1,Fight,ConKillBoss,ConKillMonster,-1,1,-1,121,18,0,0,18000
4018,,,1,Fight,ConKillBoss,ConKillMonster,-1,1,-1,128,19,0,0,19000
4019,,,1,Fight,ConKillBoss,ConKillMonster,-1,1,-1,135,20,0,0,20000
4020,,,1,Fight,ConKillBoss,ConKillMonster,-1,1,-1,142,21,0,0,22000
4021,,,1,Fight,ConKillBoss,ConKillMonster,-1,1,-1,149,22,0,0,24000
4022,,,1,Fight,ConKillBoss,ConKillMonster,-1,1,-1,156,23,0,0,26000
4023,,,1,Fight,ConKillBoss,ConKillMonster,-1,1,-1,163,24,0,0,28000
4024,,,1,Fight,ConKillBoss,ConKillMonster,-1,1,-1,170,25,0,0,30000
4025,,,1,Fight,ConKillBoss,ConKillMonster,-1,1,-1,177,26,0,0,32000
4026,,,1,Fight,ConKillBoss,ConKillMonster,-1,1,-1,184,27,0,0,34000
4027,,,1,Fight,ConKillBoss,ConKillMonster,-1,1,-1,191,28,0,0,36000
4028,,,1,Fight,ConKillBoss,ConKillMonster,-1,1,-1,198,29,0,0,38000
4029,,,1,Fight,ConKillBoss,ConKillMonster,-1,1,-1,205,30,0,0,40000
4030,,,1,Fight,ConKillBoss,ConKillMonster,-1,1,-1,212,31,0,0,42000
4031,,,1,Fight,ConKillBoss,ConKillMonster,-1,1,-1,219,32,0,0,44000
4032,,,1,Fight,ConKillBoss,ConKillMonster,-1,1,-1,226,33,0,0,46000
4033,,,1,Fight,ConKillBoss,ConKillMonster,-1,1,-1,233,34,0,0,48000
4034,,,1,Fight,ConKillBoss,ConKillMonster,-1,1,-1,240,35,0,0,50000
4035,,,1,Fight,ConKillBoss,ConKillMonster,-1,1,-1,247,36,0,0,55000
4036,,,1,Fight,ConKillBoss,ConKillMonster,-1,1,-1,254,37,0,0,60000
4037,,,1,Fight,ConKillBoss,ConKillMonster,-1,1,-1,261,38,0,0,65000
4038,,,1,Fight,ConKillBoss,ConKillMonster,-1,1,-1,268,39,0,0,70000
4039,,,1,Fight,ConKillBoss,ConKillMonster,-1,1,-1,275,40,0,0,75000
4040,,,1,Fight,ConKillBoss,ConKillMonster,-1,1,-1,282,41,0,0,80000
4041,,,1,Fight,ConKillBoss,ConKillMonster,-1,1,-1,289,42,0,0,85000
4042,,,1,Fight,ConKillBoss,ConKillMonster,-1,1,-1,296,43,0,0,90000
4043,,,1,Fight,ConKillBoss,ConKillMonster,-1,1,-1,303,44,0,0,95000
4044,,,1,Fight,ConKillBoss,ConKillMonster,-1,1,-1,310,45,0,0,100000
4045,,,1,Fight,ConKillBoss,ConKillMonster,-1,1,-1,317,46,0,0,105000
4046,,,1,Fight,ConKillBoss,ConKillMonster,-1,1,-1,324,47,0,0,110000
4047,,,1,Fight,ConKillBoss,ConKillMonster,-1,1,-1,331,48,0,0,115000
4048,,,1,Fight,ConKillBoss,ConKillMonster,-1,1,-1,338,49,0,0,120000
4049,,,1,Fight,ConKillBoss,ConKillMonster,-1,1,-1,345,50,0,0,125000
5000,,,1,Fight,ConPassBossStage,ConPassBossStage,-1,-1,-1,1,1,0,0,1000
5001,,,1,Fight,ConPassBossStage,ConPassBossStage,-1,-1,-1,2,2,0,0,2000
5002,,,1,Fight,ConPassBossStage,ConPassBossStage,-1,-1,-1,3,3,0,0,3000
5003,,,1,Fight,ConPassBossStage,ConPassBossStage,-1,-1,-1,4,4,0,0,4000
5004,,,1,Fight,ConPassBossStage,ConPassBossStage,-1,-1,-1,5,5,0,0,5000
5005,,,1,Fight,ConPassBossStage,ConPassBossStage,-1,-1,-1,6,6,0,0,6000
5006,,,1,Fight,ConPassBossStage,ConPassBossStage,-1,-1,-1,7,7,0,0,7000
5007,,,1,Fight,ConPassBossStage,ConPassBossStage,-1,-1,-1,8,8,0,0,8000
5008,,,1,Fight,ConPassBossStage,ConPassBossStage,-1,-1,-1,9,9,0,0,9000
5009,,,1,Fight,ConPassBossStage,ConPassBossStage,-1,-1,-1,10,10,0,0,10000
5010,,,1,Fight,ConPassBossStage,ConPassBossStage,-1,-1,-1,11,11,0,0,11000
5011,,,1,Fight,ConPassBossStage,ConPassBossStage,-1,-1,-1,12,12,0,0,12000
5012,,,1,Fight,ConPassBossStage,ConPassBossStage,-1,-1,-1,13,13,0,0,13000
5013,,,1,Fight,ConPassBossStage,ConPassBossStage,-1,-1,-1,14,14,0,0,14000
5014,,,1,Fight,ConPassBossStage,ConPassBossStage,-1,-1,-1,15,15,0,0,15000
5015,,,1,Fight,ConPassBossStage,ConPassBossStage,-1,-1,-1,16,16,0,0,16000
5016,,,1,Fight,ConPassBossStage,ConPassBossStage,-1,-1,-1,17,17,0,0,17000
5017,,,1,Fight,ConPassBossStage,ConPassBossStage,-1,-1,-1,18,18,0,0,18000
5018,,,1,Fight,ConPassBossStage,ConPassBossStage,-1,-1,-1,19,19,0,0,19000
5019,,,1,Fight,ConPassBossStage,ConPassBossStage,-1,-1,-1,20,20,0,0,20000
5020,,,1,Fight,ConPassBossStage,ConPassBossStage,-1,-1,-1,21,21,0,0,22000
5021,,,1,Fight,ConPassBossStage,ConPassBossStage,-1,-1,-1,22,22,0,0,24000
5022,,,1,Fight,ConPassBossStage,ConPassBossStage,-1,-1,-1,23,23,0,0,26000
5023,,,1,Fight,ConPassBossStage,ConPassBossStage,-1,-1,-1,24,24,0,0,28000
5024,,,1,Fight,ConPassBossStage,ConPassBossStage,-1,-1,-1,25,25,0,0,30000
5025,,,1,Fight,ConPassBossStage,ConPassBossStage,-1,-1,-1,26,26,0,0,32000
5026,,,1,Fight,ConPassBossStage,ConPassBossStage,-1,-1,-1,27,27,0,0,34000
5027,,,1,Fight,ConPassBossStage,ConPassBossStage,-1,-1,-1,28,28,0,0,36000
5028,,,1,Fight,ConPassBossStage,ConPassBossStage,-1,-1,-1,29,29,0,0,38000
5029,,,1,Fight,ConPassBossStage,ConPassBossStage,-1,-1,-1,30,30,0,0,40000
5030,,,1,Fight,ConPassBossStage,ConPassBossStage,-1,-1,-1,31,31,0,0,42000
5031,,,1,Fight,ConPassBossStage,ConPassBossStage,-1,-1,-1,32,32,0,0,44000
5032,,,1,Fight,ConPassBossStage,ConPassBossStage,-1,-1,-1,33,33,0,0,46000
5033,,,1,Fight,ConPassBossStage,ConPassBossStage,-1,-1,-1,34,34,0,0,48000
5034,,,1,Fight,ConPassBossStage,ConPassBossStage,-1,-1,-1,35,35,0,0,50000
5035,,,1,Fight,ConPassBossStage,ConPassBossStage,-1,-1,-1,36,36,0,0,55000
5036,,,1,Fight,ConPassBossStage,ConPassBossStage,-1,-1,-1,37,37,0,0,60000
5037,,,1,Fight,ConPassBossStage,ConPassBossStage,-1,-1,-1,38,38,0,0,65000
5038,,,1,Fight,ConPassBossStage,ConPassBossStage,-1,-1,-1,39,39,0,0,70000
5039,,,1,Fight,ConPassBossStage,ConPassBossStage,-1,-1,-1,40,40,0,0,75000
5040,,,1,Fight,ConPassBossStage,ConPassBossStage,-1,-1,-1,41,41,0,0,80000
5041,,,1,Fight,ConPassBossStage,ConPassBossStage,-1,-1,-1,42,42,0,0,85000
5042,,,1,Fight,ConPassBossStage,ConPassBossStage,-1,-1,-1,43,43,0,0,90000
5043,,,1,Fight,ConPassBossStage,ConPassBossStage,-1,-1,-1,44,44,0,0,95000
5044,,,1,Fight,ConPassBossStage,ConPassBossStage,-1,-1,-1,45,45,0,0,100000
5045,,,1,Fight,ConPassBossStage,ConPassBossStage,-1,-1,-1,46,46,0,0,105000
5046,,,1,Fight,ConPassBossStage,ConPassBossStage,-1,-1,-1,47,47,0,0,110000
5047,,,1,Fight,ConPassBossStage,ConPassBossStage,-1,-1,-1,48,48,0,0,115000
5048,,,1,Fight,ConPassBossStage,ConPassBossStage,-1,-1,-1,49,49,0,0,120000
5049,,,1,Fight,ConPassBossStage,ConPassBossStage,-1,-1,-1,50,50,0,0,125000
5050,,,1,Fight,ConPassBossStage,ConPassBossStage,-1,-1,-1,51,51,0,0,130000
5051,,,1,Fight,ConPassBossStage,ConPassBossStage,-1,-1,-1,52,52,0,0,135000
5052,,,1,Fight,ConPassBossStage,ConPassBossStage,-1,-1,-1,53,53,0,0,140000
5053,,,1,Fight,ConPassBossStage,ConPassBossStage,-1,-1,-1,54,54,0,0,145000
5054,,,1,Fight,ConPassBossStage,ConPassBossStage,-1,-1,-1,55,55,0,0,150000
5055,,,1,Fight,ConPassBossStage,ConPassBossStage,-1,-1,-1,56,56,0,0,155000
5056,,,1,Fight,ConPassBossStage,ConPassBossStage,-1,-1,-1,57,57,0,0,160000
5057,,,1,Fight,ConPassBossStage,ConPassBossStage,-1,-1,-1,58,58,0,0,165000
5058,,,1,Fight,ConPassBossStage,ConPassBossStage,-1,-1,-1,59,59,0,0,170000
5059,,,1,Fight,ConPassBossStage,ConPassBossStage,-1,-1,-1,60,60,0,0,175000
6000,,,1,Collect,ConRoleLevel,ConRoleLevel,1,-1,-1,5,1,0,0,1000
6001,,,1,Collect,ConRoleLevel,ConRoleLevel,1,-1,-1,10,2,0,0,2000
6002,,,1,Collect,ConRoleLevel,ConRoleLevel,1,-1,-1,15,3,0,0,3000
6003,,,1,Collect,ConRoleLevel,ConRoleLevel,1,-1,-1,20,4,0,0,4000
6004,,,1,Collect,ConRoleLevel,ConRoleLevel,1,-1,-1,25,5,0,0,5000
6005,,,1,Collect,ConRoleLevel,ConRoleLevel,1,-1,-1,30,6,0,0,6000
6006,,,1,Collect,ConRoleLevel,ConRoleLevel,1,-1,-1,35,7,0,0,7000
6007,,,1,Collect,ConRoleLevel,ConRoleLevel,1,-1,-1,40,8,0,0,8000
6008,,,1,Collect,ConRoleLevel,ConRoleLevel,1,-1,-1,45,9,0,0,9000
6009,,,1,Collect,ConRoleLevel,ConRoleLevel,1,-1,-1,50,10,0,0,10000
6010,,,1,Collect,ConRoleLevel,ConRoleLevel,1,-1,-1,55,11,0,0,11000
6011,,,1,Collect,ConRoleLevel,ConRoleLevel,1,-1,-1,60,12,0,0,12000
6012,,,1,Collect,ConRoleLevel,ConRoleLevel,1,-1,-1,65,13,0,0,13000
6013,,,1,Collect,ConRoleLevel,ConRoleLevel,1,-1,-1,70,14,0,0,14000
6014,,,1,Collect,ConRoleLevel,ConRoleLevel,1,-1,-1,75,15,0,0,15000
6015,,,1,Collect,ConRoleLevel,ConRoleLevel,1,-1,-1,80,16,0,0,16000
6016,,,1,Collect,ConRoleLevel,ConRoleLevel,1,-1,-1,85,17,0,0,17000
6017,,,1,Collect,ConRoleLevel,ConRoleLevel,1,-1,-1,90,18,0,0,18000
6018,,,1,Collect,ConRoleLevel,ConRoleLevel,1,-1,-1,95,19,0,0,19000
6019,,,1,Collect,ConRoleLevel,ConRoleLevel,1,-1,-1,100,20,0,0,20000
6020,,,1,Collect,ConRoleLevel,ConRoleLevel,0,-1,-1,5,21,0,0,22000
6021,,,1,Collect,ConRoleLevel,ConRoleLevel,0,-1,-1,15,22,0,0,24000
6022,,,1,Collect,ConRoleLevel,ConRoleLevel,0,-1,-1,25,23,0,0,26000
6023,,,1,Collect,ConRoleLevel,ConRoleLevel,0,-1,-1,35,24,0,0,28000
6024,,,1,Collect,ConRoleLevel,ConRoleLevel,0,-1,-1,45,25,0,0,30000
6025,,,1,Collect,ConRoleLevel,ConRoleLevel,0,-1,-1,55,26,0,0,32000
6026,,,1,Collect,ConRoleLevel,ConRoleLevel,0,-1,-1,65,27,0,0,34000
6027,,,1,Collect,ConRoleLevel,ConRoleLevel,0,-1,-1,75,28,0,0,36000
6028,,,1,Collect,ConRoleLevel,ConRoleLevel,0,-1,-1,85,29,0,0,38000
6029,,,1,Collect,ConRoleLevel,ConRoleLevel,0,-1,-1,95,30,0,0,40000
6030,,,1,Collect,ConRoleLevel,ConRoleLevel,0,-1,-1,105,31,0,0,42000
6031,,,1,Collect,ConRoleLevel,ConRoleLevel,0,-1,-1,115,32,0,0,44000
6032,,,1,Collect,ConRoleLevel,ConRoleLevel,0,-1,-1,125,33,0,0,46000
6033,,,1,Collect,ConRoleLevel,ConRoleLevel,0,-1,-1,135,34,0,0,48000
6034,,,1,Collect,ConRoleLevel,ConRoleLevel,0,-1,-1,145,35,0,0,50000
6035,,,1,Collect,ConRoleLevel,ConRoleLevel,0,-1,-1,155,36,0,0,55000
6036,,,1,Collect,ConRoleLevel,ConRoleLevel,0,-1,-1,165,37,0,0,60000
6037,,,1,Collect,ConRoleLevel,ConRoleLevel,0,-1,-1,175,38,0,0,65000
6038,,,1,Collect,ConRoleLevel,ConRoleLevel,0,-1,-1,185,39,0,0,70000
6039,,,1,Collect,ConRoleLevel,ConRoleLevel,0,-1,-1,195,40,0,0,75000
6040,,,1,Collect,ConRoleLevel,ConRoleLevel,0,-1,-1,205,41,0,0,80000
6041,,,1,Collect,ConRoleLevel,ConRoleLevel,0,-1,-1,215,42,0,0,85000
6042,,,1,Collect,ConRoleLevel,ConRoleLevel,0,-1,-1,225,43,0,0,90000
6043,,,1,Collect,ConRoleLevel,ConRoleLevel,0,-1,-1,235,44,0,0,95000
6044,,,1,Collect,ConRoleLevel,ConRoleLevel,0,-1,-1,245,45,0,0,100000
6045,,,1,Collect,ConRoleLevel,ConRoleLevel,0,-1,-1,255,46,0,0,105000
6046,,,1,Collect,ConRoleLevel,ConRoleLevel,0,-1,-1,265,47,0,0,110000
6047,,,1,Collect,ConRoleLevel,ConRoleLevel,0,-1,-1,275,48,0,0,115000
6048,,,1,Collect,ConRoleLevel,ConRoleLevel,0,-1,-1,285,49,0,0,120000
6049,,,1,Collect,ConRoleLevel,ConRoleLevel,0,-1,-1,295,50,0,0,125000
7000,,,1,Collect,ConWatchMovie,ConWatchMovie,1,-1,-1,5,1,0,0,1000
7001,,,1,Collect,ConWatchMovie,ConWatchMovie,1,-1,-1,10,2,0,0,2000
7002,,,1,Collect,ConWatchMovie,ConWatchMovie,1,-1,-1,15,3,0,0,3000
7003,,,1,Collect,ConWatchMovie,ConWatchMovie,1,-1,-1,20,4,0,0,4000
7004,,,1,Collect,ConWatchMovie,ConWatchMovie,1,-1,-1,25,5,0,0,5000
7005,,,1,Collect,ConWatchMovie,ConWatchMovie,1,-1,-1,30,6,0,0,6000
7006,,,1,Collect,ConWatchMovie,ConWatchMovie,1,-1,-1,35,7,0,0,7000
7007,,,1,Collect,ConWatchMovie,ConWatchMovie,1,-1,-1,40,8,0,0,8000
7008,,,1,Collect,ConWatchMovie,ConWatchMovie,1,-1,-1,45,9,0,0,9000
7009,,,1,Collect,ConWatchMovie,ConWatchMovie,1,-1,-1,50,10,0,0,10000
7010,,,1,Collect,ConWatchMovie,ConWatchMovie,1,-1,-1,55,11,0,0,11000
7011,,,1,Collect,ConWatchMovie,ConWatchMovie,1,-1,-1,60,12,0,0,12000
7012,,,1,Collect,ConWatchMovie,ConWatchMovie,1,-1,-1,65,13,0,0,13000
7013,,,1,Collect,ConWatchMovie,ConWatchMovie,1,-1,-1,70,14,0,0,14000
7014,,,1,Collect,ConWatchMovie,ConWatchMovie,1,-1,-1,75,15,0,0,15000
7015,,,1,Collect,ConWatchMovie,ConWatchMovie,1,-1,-1,80,16,0,0,16000
7016,,,1,Collect,ConWatchMovie,ConWatchMovie,1,-1,-1,85,17,0,0,17000
7017,,,1,Collect,ConWatchMovie,ConWatchMovie,1,-1,-1,90,18,0,0,18000
7018,,,1,Collect,ConWatchMovie,ConWatchMovie,1,-1,-1,95,19,0,0,19000
7019,,,1,Collect,ConWatchMovie,ConWatchMovie,1,-1,-1,100,20,0,0,20000
7020,,,1,Collect,ConWatchMovie,ConWatchMovie,0,-1,-1,105,21,0,0,22000
7021,,,1,Collect,ConWatchMovie,ConWatchMovie,0,-1,-1,110,22,0,0,24000
7022,,,1,Collect,ConWatchMovie,ConWatchMovie,0,-1,-1,115,23,0,0,26000
7023,,,1,Collect,ConWatchMovie,ConWatchMovie,0,-1,-1,120,24,0,0,28000
7024,,,1,Collect,ConWatchMovie,ConWatchMovie,0,-1,-1,125,25,0,0,30000
7025,,,1,Collect,ConWatchMovie,ConWatchMovie,0,-1,-1,130,26,0,0,32000
7026,,,1,Collect,ConWatchMovie,ConWatchMovie,0,-1,-1,135,27,0,0,34000
7027,,,1,Collect,ConWatchMovie,ConWatchMovie,0,-1,-1,140,28,0,0,36000
7028,,,1,Collect,ConWatchMovie,ConWatchMovie,0,-1,-1,145,29,0,0,38000
7029,,,1,Collect,ConWatchMovie,ConWatchMovie,0,-1,-1,150,30,0,0,40000
7030,,,1,Collect,ConWatchMovie,ConWatchMovie,0,-1,-1,155,31,0,0,42000
7031,,,1,Collect,ConWatchMovie,ConWatchMovie,0,-1,-1,160,32,0,0,44000
7032,,,1,Collect,ConWatchMovie,ConWatchMovie,0,-1,-1,165,33,0,0,46000
7033,,,1,Collect,ConWatchMovie,ConWatchMovie,0,-1,-1,170,34,0,0,48000
7034,,,1,Collect,ConWatchMovie,ConWatchMovie,0,-1,-1,175,35,0,0,50000
7035,,,1,Collect,ConWatchMovie,ConWatchMovie,0,-1,-1,180,36,0,0,55000
7036,,,1,Collect,ConWatchMovie,ConWatchMovie,0,-1,-1,185,37,0,0,60000
7037,,,1,Collect,ConWatchMovie,ConWatchMovie,0,-1,-1,190,38,0,0,65000
7038,,,1,Collect,ConWatchMovie,ConWatchMovie,0,-1,-1,195,39,0,0,70000
7039,,,1,Collect,ConWatchMovie,ConWatchMovie,0,-1,-1,200,40,0,0,75000
7040,,,1,Collect,ConWatchMovie,ConWatchMovie,0,-1,-1,205,41,0,0,80000
7041,,,1,Collect,ConWatchMovie,ConWatchMovie,0,-1,-1,210,42,0,0,85000
7042,,,1,Collect,ConWatchMovie,ConWatchMovie,0,-1,-1,215,43,0,0,90000
7043,,,1,Collect,ConWatchMovie,ConWatchMovie,0,-1,-1,220,44,0,0,95000
7044,,,1,Collect,ConWatchMovie,ConWatchMovie,0,-1,-1,225,45,0,0,100000
7045,,,1,Collect,ConWatchMovie,ConWatchMovie,0,-1,-1,230,46,0,0,105000
7046,,,1,Collect,ConWatchMovie,ConWatchMovie,0,-1,-1,235,47,0,0,110000
7047,,,1,Collect,ConWatchMovie,ConWatchMovie,0,-1,-1,240,48,0,0,115000
7048,,,1,Collect,ConWatchMovie,ConWatchMovie,0,-1,-1,245,49,0,0,120000
7049,,,1,Collect,ConWatchMovie,ConWatchMovie,0,-1,-1,250,50,0,0,125000
8000,,,1,Collect,ConEquipGet,ConEquipGet,-1,-1,-1,15,1,0,0,1000
8001,,,1,Collect,ConEquipGet,ConEquipGet,-1,-1,-1,100,2,0,0,2000
8002,,,1,Collect,ConEquipGet,ConEquipGet,-1,-1,-1,185,3,0,0,3000
8003,,,1,Collect,ConEquipGet,ConEquipGet,-1,-1,-1,270,4,0,0,4000
8004,,,1,Collect,ConEquipGet,ConEquipGet,-1,-1,-1,355,5,0,0,5000
8005,,,1,Collect,ConEquipGet,ConEquipGet,-1,-1,-1,440,6,0,0,6000
8006,,,1,Collect,ConEquipGet,ConEquipGet,-1,-1,-1,525,7,0,0,7000
8007,,,1,Collect,ConEquipGet,ConEquipGet,-1,-1,-1,610,8,0,0,8000
8008,,,1,Collect,ConEquipGet,ConEquipGet,-1,-1,-1,695,9,0,0,9000
8009,,,1,Collect,ConEquipGet,ConEquipGet,-1,-1,-1,780,10,0,0,10000
8010,,,1,Collect,ConEquipGet,ConEquipGet,-1,-1,-1,865,11,0,0,11000
8011,,,1,Collect,ConEquipGet,ConEquipGet,-1,-1,-1,950,12,0,0,12000
8012,,,1,Collect,ConEquipGet,ConEquipGet,-1,-1,-1,1035,13,0,0,13000
8013,,,1,Collect,ConEquipGet,ConEquipGet,-1,-1,-1,1120,14,0,0,14000
8014,,,1,Collect,ConEquipGet,ConEquipGet,-1,-1,-1,1205,15,0,0,15000
8015,,,1,Collect,ConEquipGet,ConEquipGet,-1,-1,-1,1290,16,0,0,16000
8016,,,1,Collect,ConEquipGet,ConEquipGet,-1,-1,-1,1375,17,0,0,17000
8017,,,1,Collect,ConEquipGet,ConEquipGet,-1,-1,-1,1460,18,0,0,18000
8018,,,1,Collect,ConEquipGet,ConEquipGet,-1,-1,-1,1545,19,0,0,19000
8019,,,1,Collect,ConEquipGet,ConEquipGet,-1,-1,-1,1630,20,0,0,20000
8020,,,1,Collect,ConEquipGet,ConEquipGet,-1,-1,-1,2000,21,0,0,22000
8021,,,1,Collect,ConEquipGet,ConEquipGet,-1,-1,-1,2370,22,0,0,24000
8022,,,1,Collect,ConEquipGet,ConEquipGet,-1,-1,-1,2740,23,0,0,26000
8023,,,1,Collect,ConEquipGet,ConEquipGet,-1,-1,-1,3110,24,0,0,28000
8024,,,1,Collect,ConEquipGet,ConEquipGet,-1,-1,-1,3480,25,0,0,30000
8025,,,1,Collect,ConEquipGet,ConEquipGet,-1,-1,-1,3850,26,0,0,32000
8026,,,1,Collect,ConEquipGet,ConEquipGet,-1,-1,-1,4220,27,0,0,34000
8027,,,1,Collect,ConEquipGet,ConEquipGet,-1,-1,-1,4590,28,0,0,36000
8028,,,1,Collect,ConEquipGet,ConEquipGet,-1,-1,-1,4960,29,0,0,38000
8029,,,1,Collect,ConEquipGet,ConEquipGet,-1,-1,-1,5330,30,0,0,40000
8030,,,1,Collect,ConEquipGet,ConEquipGet,-1,-1,-1,5700,31,0,0,42000
8031,,,1,Collect,ConEquipGet,ConEquipGet,-1,-1,-1,6070,32,0,0,44000
8032,,,1,Collect,ConEquipGet,ConEquipGet,-1,-1,-1,6440,33,0,0,46000
8033,,,1,Collect,ConEquipGet,ConEquipGet,-1,-1,-1,6810,34,0,0,48000
8034,,,1,Collect,ConEquipGet,ConEquipGet,-1,-1,-1,7180,35,0,0,50000
8035,,,1,Collect,ConEquipGet,ConEquipGet,-1,-1,-1,7550,36,0,0,55000
8036,,,1,Collect,ConEquipGet,ConEquipGet,-1,-1,-1,7920,37,0,0,60000
8037,,,1,Collect,ConEquipGet,ConEquipGet,-1,-1,-1,8290,38,0,0,65000
8038,,,1,Collect,ConEquipGet,ConEquipGet,-1,-1,-1,8660,39,0,0,70000
8039,,,1,Collect,ConEquipGet,ConEquipGet,-1,-1,-1,9030,40,0,0,75000
8040,,,1,Collect,ConEquipGet,ConEquipGet,-1,-1,-1,9400,41,0,0,80000
8041,,,1,Collect,ConEquipGet,ConEquipGet,-1,-1,-1,9770,42,0,0,85000
8042,,,1,Collect,ConEquipGet,ConEquipGet,-1,-1,-1,10140,43,0,0,90000
8043,,,1,Collect,ConEquipGet,ConEquipGet,-1,-1,-1,10510,44,0,0,95000
8044,,,1,Collect,ConEquipGet,ConEquipGet,-1,-1,-1,10880,45,0,0,100000
8045,,,1,Collect,ConEquipGet,ConEquipGet,-1,-1,-1,11250,46,0,0,105000
8046,,,1,Collect,ConEquipGet,ConEquipGet,-1,-1,-1,11620,47,0,0,110000
8047,,,1,Collect,ConEquipGet,ConEquipGet,-1,-1,-1,11990,48,0,0,115000
8048,,,1,Collect,ConEquipGet,ConEquipGet,-1,-1,-1,12360,49,0,0,120000
8049,,,1,Collect,ConEquipGet,ConEquipGet,-1,-1,-1,12730,50,0,0,125000
10000,,,1,Consume,ConEquipRefreshTimes,ConEquipRefreshTimes,-1,-1,-1,2,1,0,0,1000
10001,,,1,Consume,ConEquipRefreshTimes,ConEquipRefreshTimes,-1,-1,-1,100,2,0,0,2000
10002,,,1,Consume,ConEquipRefreshTimes,ConEquipRefreshTimes,-1,-1,-1,185,3,0,0,3000
10003,,,1,Consume,ConEquipRefreshTimes,ConEquipRefreshTimes,-1,-1,-1,270,4,0,0,4000
10004,,,1,Consume,ConEquipRefreshTimes,ConEquipRefreshTimes,-1,-1,-1,355,5,0,0,5000
10005,,,1,Consume,ConEquipRefreshTimes,ConEquipRefreshTimes,-1,-1,-1,440,6,0,0,6000
10006,,,1,Consume,ConEquipRefreshTimes,ConEquipRefreshTimes,-1,-1,-1,525,7,0,0,7000
10007,,,1,Consume,ConEquipRefreshTimes,ConEquipRefreshTimes,-1,-1,-1,610,8,0,0,8000
10008,,,1,Consume,ConEquipRefreshTimes,ConEquipRefreshTimes,-1,-1,-1,695,9,0,0,9000
10009,,,1,Consume,ConEquipRefreshTimes,ConEquipRefreshTimes,-1,-1,-1,780,10,0,0,10000
10010,,,1,Consume,ConEquipRefreshTimes,ConEquipRefreshTimes,-1,-1,-1,865,11,0,0,11000
10011,,,1,Consume,ConEquipRefreshTimes,ConEquipRefreshTimes,-1,-1,-1,950,12,0,0,12000
10012,,,1,Consume,ConEquipRefreshTimes,ConEquipRefreshTimes,-1,-1,-1,1035,13,0,0,13000
10013,,,1,Consume,ConEquipRefreshTimes,ConEquipRefreshTimes,-1,-1,-1,1120,14,0,0,14000
10014,,,1,Consume,ConEquipRefreshTimes,ConEquipRefreshTimes,-1,-1,-1,1205,15,0,0,15000
10015,,,1,Consume,ConEquipRefreshTimes,ConEquipRefreshTimes,-1,-1,-1,1290,16,0,0,16000
10016,,,1,Consume,ConEquipRefreshTimes,ConEquipRefreshTimes,-1,-1,-1,1375,17,0,0,17000
10017,,,1,Consume,ConEquipRefreshTimes,ConEquipRefreshTimes,-1,-1,-1,1460,18,0,0,18000
10018,,,1,Consume,ConEquipRefreshTimes,ConEquipRefreshTimes,-1,-1,-1,1545,19,0,0,19000
10019,,,1,Consume,ConEquipRefreshTimes,ConEquipRefreshTimes,-1,-1,-1,1630,20,0,0,20000
10020,,,1,Consume,ConEquipRefreshTimes,ConEquipRefreshTimes,-1,-1,-1,2000,21,0,0,22000
10021,,,1,Consume,ConEquipRefreshTimes,ConEquipRefreshTimes,-1,-1,-1,2370,22,0,0,24000
10022,,,1,Consume,ConEquipRefreshTimes,ConEquipRefreshTimes,-1,-1,-1,2740,23,0,0,26000
10023,,,1,Consume,ConEquipRefreshTimes,ConEquipRefreshTimes,-1,-1,-1,3110,24,0,0,28000
10024,,,1,Consume,ConEquipRefreshTimes,ConEquipRefreshTimes,-1,-1,-1,3480,25,0,0,30000
10025,,,1,Consume,ConEquipRefreshTimes,ConEquipRefreshTimes,-1,-1,-1,3850,26,0,0,32000
10026,,,1,Consume,ConEquipRefreshTimes,ConEquipRefreshTimes,-1,-1,-1,4220,27,0,0,34000
10027,,,1,Consume,ConEquipRefreshTimes,ConEquipRefreshTimes,-1,-1,-1,4590,28,0,0,36000
10028,,,1,Consume,ConEquipRefreshTimes,ConEquipRefreshTimes,-1,-1,-1,4960,29,0,0,38000
10029,,,1,Consume,ConEquipRefreshTimes,ConEquipRefreshTimes,-1,-1,-1,5330,30,0,0,40000
10030,,,1,Consume,ConEquipRefreshTimes,ConEquipRefreshTimes,-1,-1,-1,5700,31,0,0,42000
10031,,,1,Consume,ConEquipRefreshTimes,ConEquipRefreshTimes,-1,-1,-1,6070,32,0,0,44000
10032,,,1,Consume,ConEquipRefreshTimes,ConEquipRefreshTimes,-1,-1,-1,6440,33,0,0,46000
10033,,,1,Consume,ConEquipRefreshTimes,ConEquipRefreshTimes,-1,-1,-1,6810,34,0,0,48000
10034,,,1,Consume,ConEquipRefreshTimes,ConEquipRefreshTimes,-1,-1,-1,7180,35,0,0,50000
10035,,,1,Consume,ConEquipRefreshTimes,ConEquipRefreshTimes,-1,-1,-1,7550,36,0,0,55000
10036,,,1,Consume,ConEquipRefreshTimes,ConEquipRefreshTimes,-1,-1,-1,7920,37,0,0,60000
10037,,,1,Consume,ConEquipRefreshTimes,ConEquipRefreshTimes,-1,-1,-1,8290,38,0,0,65000
10038,,,1,Consume,ConEquipRefreshTimes,ConEquipRefreshTimes,-1,-1,-1,8660,39,0,0,70000
10039,,,1,Consume,ConEquipRefreshTimes,ConEquipRefreshTimes,-1,-1,-1,9030,40,0,0,75000
10040,,,1,Consume,ConEquipRefreshTimes,ConEquipRefreshTimes,-1,-1,-1,9400,41,0,0,80000
10041,,,1,Consume,ConEquipRefreshTimes,ConEquipRefreshTimes,-1,-1,-1,9770,42,0,0,85000
10042,,,1,Consume,ConEquipRefreshTimes,ConEquipRefreshTimes,-1,-1,-1,10140,43,0,0,90000
10043,,,1,Consume,ConEquipRefreshTimes,ConEquipRefreshTimes,-1,-1,-1,10510,44,0,0,95000
10044,,,1,Consume,ConEquipRefreshTimes,ConEquipRefreshTimes,-1,-1,-1,10880,45,0,0,100000
10045,,,1,Consume,ConEquipRefreshTimes,ConEquipRefreshTimes,-1,-1,-1,11250,46,0,0,105000
10046,,,1,Consume,ConEquipRefreshTimes,ConEquipRefreshTimes,-1,-1,-1,11620,47,0,0,110000
10047,,,1,Consume,ConEquipRefreshTimes,ConEquipRefreshTimes,-1,-1,-1,11990,48,0,0,115000
10048,,,1,Consume,ConEquipRefreshTimes,ConEquipRefreshTimes,-1,-1,-1,12360,49,0,0,120000
10049,,,1,Consume,ConEquipRefreshTimes,ConEquipRefreshTimes,-1,-1,-1,12730,50,0,0,125000
11000,,,1,Consume,ConGemLvUp,ConGemLvUp,-1,-1,-1,1,1,0,0,1000
11001,,,1,Consume,ConGemLvUp,ConGemLvUp,-1,-1,-1,12,2,0,0,2000
11002,,,1,Consume,ConGemLvUp,ConGemLvUp,-1,-1,-1,23,3,0,0,3000
11003,,,1,Consume,ConGemLvUp,ConGemLvUp,-1,-1,-1,34,4,0,0,4000
11004,,,1,Consume,ConGemLvUp,ConGemLvUp,-1,-1,-1,45,5,0,0,5000
11005,,,1,Consume,ConGemLvUp,ConGemLvUp,-1,-1,-1,56,6,0,0,6000
11006,,,1,Consume,ConGemLvUp,ConGemLvUp,-1,-1,-1,67,7,0,0,7000
11007,,,1,Consume,ConGemLvUp,ConGemLvUp,-1,-1,-1,78,8,0,0,8000
11008,,,1,Consume,ConGemLvUp,ConGemLvUp,-1,-1,-1,89,9,0,0,9000
11009,,,1,Consume,ConGemLvUp,ConGemLvUp,-1,-1,-1,100,10,0,0,10000
11010,,,1,Consume,ConGemLvUp,ConGemLvUp,-1,-1,-1,111,11,0,0,11000
11011,,,1,Consume,ConGemLvUp,ConGemLvUp,-1,-1,-1,122,12,0,0,12000
11012,,,1,Consume,ConGemLvUp,ConGemLvUp,-1,-1,-1,133,13,0,0,13000
11013,,,1,Consume,ConGemLvUp,ConGemLvUp,-1,-1,-1,144,14,0,0,14000
11014,,,1,Consume,ConGemLvUp,ConGemLvUp,-1,-1,-1,155,15,0,0,15000
11015,,,1,Consume,ConGemLvUp,ConGemLvUp,-1,-1,-1,166,16,0,0,16000
11016,,,1,Consume,ConGemLvUp,ConGemLvUp,-1,-1,-1,177,17,0,0,17000
11017,,,1,Consume,ConGemLvUp,ConGemLvUp,-1,-1,-1,188,18,0,0,18000
11018,,,1,Consume,ConGemLvUp,ConGemLvUp,-1,-1,-1,199,19,0,0,19000
11019,,,1,Consume,ConGemLvUp,ConGemLvUp,-1,-1,-1,210,20,0,0,20000
11020,,,1,Consume,ConGemLvUp,ConGemLvUp,-1,-1,-1,232,21,0,0,22000
11021,,,1,Consume,ConGemLvUp,ConGemLvUp,-1,-1,-1,254,22,0,0,24000
11022,,,1,Consume,ConGemLvUp,ConGemLvUp,-1,-1,-1,276,23,0,0,26000
11023,,,1,Consume,ConGemLvUp,ConGemLvUp,-1,-1,-1,298,24,0,0,28000
11024,,,1,Consume,ConGemLvUp,ConGemLvUp,-1,-1,-1,320,25,0,0,30000
11025,,,1,Consume,ConGemLvUp,ConGemLvUp,-1,-1,-1,342,26,0,0,32000
11026,,,1,Consume,ConGemLvUp,ConGemLvUp,-1,-1,-1,364,27,0,0,34000
11027,,,1,Consume,ConGemLvUp,ConGemLvUp,-1,-1,-1,386,28,0,0,36000
11028,,,1,Consume,ConGemLvUp,ConGemLvUp,-1,-1,-1,408,29,0,0,38000
11029,,,1,Consume,ConGemLvUp,ConGemLvUp,-1,-1,-1,430,30,0,0,40000
11030,,,1,Consume,ConGemLvUp,ConGemLvUp,-1,-1,-1,452,31,0,0,42000
11031,,,1,Consume,ConGemLvUp,ConGemLvUp,-1,-1,-1,474,32,0,0,44000
11032,,,1,Consume,ConGemLvUp,ConGemLvUp,-1,-1,-1,496,33,0,0,46000
11033,,,1,Consume,ConGemLvUp,ConGemLvUp,-1,-1,-1,518,34,0,0,48000
11034,,,1,Consume,ConGemLvUp,ConGemLvUp,-1,-1,-1,540,35,0,0,50000
11035,,,1,Consume,ConGemLvUp,ConGemLvUp,-1,-1,-1,562,36,0,0,55000
11036,,,1,Consume,ConGemLvUp,ConGemLvUp,-1,-1,-1,584,37,0,0,60000
11037,,,1,Consume,ConGemLvUp,ConGemLvUp,-1,-1,-1,606,38,0,0,65000
11038,,,1,Consume,ConGemLvUp,ConGemLvUp,-1,-1,-1,628,39,0,0,70000
11039,,,1,Consume,ConGemLvUp,ConGemLvUp,-1,-1,-1,650,40,0,0,75000
11040,,,1,Consume,ConGemLvUp,ConGemLvUp,-1,-1,-1,672,41,0,0,80000
11041,,,1,Consume,ConGemLvUp,ConGemLvUp,-1,-1,-1,694,42,0,0,85000
11042,,,1,Consume,ConGemLvUp,ConGemLvUp,-1,-1,-1,716,43,0,0,90000
11043,,,1,Consume,ConGemLvUp,ConGemLvUp,-1,-1,-1,738,44,0,0,95000
11044,,,1,Consume,ConGemLvUp,ConGemLvUp,-1,-1,-1,760,45,0,0,100000
11045,,,1,Consume,ConGemLvUp,ConGemLvUp,-1,-1,-1,782,46,0,0,105000
11046,,,1,Consume,ConGemLvUp,ConGemLvUp,-1,-1,-1,804,47,0,0,110000
11047,,,1,Consume,ConGemLvUp,ConGemLvUp,-1,-1,-1,826,48,0,0,115000
11048,,,1,Consume,ConGemLvUp,ConGemLvUp,-1,-1,-1,848,49,0,0,120000
11049,,,1,Consume,ConGemLvUp,ConGemLvUp,-1,-1,-1,870,50,0,0,125000
12000,,,1,Consume,ConGambling,ConGambling,-1,-1,-1,10,1,0,0,1000
12001,,,1,Consume,ConGambling,ConGambling,-1,-1,-1,25,2,0,0,2000
12002,,,1,Consume,ConGambling,ConGambling,-1,-1,-1,40,3,0,0,3000
12003,,,1,Consume,ConGambling,ConGambling,-1,-1,-1,55,4,0,0,4000
12004,,,1,Consume,ConGambling,ConGambling,-1,-1,-1,70,5,0,0,5000
12005,,,1,Consume,ConGambling,ConGambling,-1,-1,-1,85,6,0,0,6000
12006,,,1,Consume,ConGambling,ConGambling,-1,-1,-1,100,7,0,0,7000
12007,,,1,Consume,ConGambling,ConGambling,-1,-1,-1,115,8,0,0,8000
12008,,,1,Consume,ConGambling,ConGambling,-1,-1,-1,130,9,0,0,9000
12009,,,1,Consume,ConGambling,ConGambling,-1,-1,-1,145,10,0,0,10000
12010,,,1,Consume,ConGambling,ConGambling,-1,-1,-1,160,11,0,0,11000
12011,,,1,Consume,ConGambling,ConGambling,-1,-1,-1,175,12,0,0,12000
12012,,,1,Consume,ConGambling,ConGambling,-1,-1,-1,190,13,0,0,13000
12013,,,1,Consume,ConGambling,ConGambling,-1,-1,-1,205,14,0,0,14000
12014,,,1,Consume,ConGambling,ConGambling,-1,-1,-1,220,15,0,0,15000
12015,,,1,Consume,ConGambling,ConGambling,-1,-1,-1,235,16,0,0,16000
12016,,,1,Consume,ConGambling,ConGambling,-1,-1,-1,250,17,0,0,17000
12017,,,1,Consume,ConGambling,ConGambling,-1,-1,-1,265,18,0,0,18000
12018,,,1,Consume,ConGambling,ConGambling,-1,-1,-1,280,19,0,0,19000
12019,,,1,Consume,ConGambling,ConGambling,-1,-1,-1,295,20,0,0,20000
12020,,,1,Consume,ConGambling,ConGambling,-1,-1,-1,350,21,0,0,22000
12021,,,1,Consume,ConGambling,ConGambling,-1,-1,-1,405,22,0,0,24000
12022,,,1,Consume,ConGambling,ConGambling,-1,-1,-1,460,23,0,0,26000
12023,,,1,Consume,ConGambling,ConGambling,-1,-1,-1,515,24,0,0,28000
12024,,,1,Consume,ConGambling,ConGambling,-1,-1,-1,570,25,0,0,30000
12025,,,1,Consume,ConGambling,ConGambling,-1,-1,-1,625,26,0,0,32000
12026,,,1,Consume,ConGambling,ConGambling,-1,-1,-1,680,27,0,0,34000
12027,,,1,Consume,ConGambling,ConGambling,-1,-1,-1,735,28,0,0,36000
12028,,,1,Consume,ConGambling,ConGambling,-1,-1,-1,790,29,0,0,38000
12029,,,1,Consume,ConGambling,ConGambling,-1,-1,-1,845,30,0,0,40000
12030,,,1,Consume,ConGambling,ConGambling,-1,-1,-1,900,31,0,0,42000
12031,,,1,Consume,ConGambling,ConGambling,-1,-1,-1,955,32,0,0,44000
12032,,,1,Consume,ConGambling,ConGambling,-1,-1,-1,1010,33,0,0,46000
12033,,,1,Consume,ConGambling,ConGambling,-1,-1,-1,1065,34,0,0,48000
12034,,,1,Consume,ConGambling,ConGambling,-1,-1,-1,1120,35,0,0,50000
12035,,,1,Consume,ConGambling,ConGambling,-1,-1,-1,1175,36,0,0,55000
12036,,,1,Consume,ConGambling,ConGambling,-1,-1,-1,1230,37,0,0,60000
12037,,,1,Consume,ConGambling,ConGambling,-1,-1,-1,1285,38,0,0,65000
12038,,,1,Consume,ConGambling,ConGambling,-1,-1,-1,1340,39,0,0,70000
12039,,,1,Consume,ConGambling,ConGambling,-1,-1,-1,1395,40,0,0,75000
12040,,,1,Consume,ConGambling,ConGambling,-1,-1,-1,1450,41,0,0,80000
12041,,,1,Consume,ConGambling,ConGambling,-1,-1,-1,1505,42,0,0,85000
12042,,,1,Consume,ConGambling,ConGambling,-1,-1,-1,1560,43,0,0,90000
12043,,,1,Consume,ConGambling,ConGambling,-1,-1,-1,1615,44,0,0,95000
12044,,,1,Consume,ConGambling,ConGambling,-1,-1,-1,1670,45,0,0,100000
12045,,,1,Consume,ConGambling,ConGambling,-1,-1,-1,1725,46,0,0,105000
12046,,,1,Consume,ConGambling,ConGambling,-1,-1,-1,1780,47,0,0,110000
12047,,,1,Consume,ConGambling,ConGambling,-1,-1,-1,1835,48,0,0,115000
12048,,,1,Consume,ConGambling,ConGambling,-1,-1,-1,1890,49,0,0,120000
12049,,,1,Consume,ConGambling,ConGambling,-1,-1,-1,1945,50,0,0,125000
13000,,,1,Consume,ConEquipStore,ConEquipStore,-1,-1,-1,1,1,0,0,1000
13001,,,1,Consume,ConEquipStore,ConEquipStore,-1,-1,-1,2,2,0,0,2000
13002,,,1,Consume,ConEquipStore,ConEquipStore,-1,-1,-1,3,3,0,0,3000
13003,,,1,Consume,ConEquipStore,ConEquipStore,-1,-1,-1,4,4,0,0,4000
13004,,,1,Consume,ConEquipStore,ConEquipStore,-1,-1,-1,5,5,0,0,5000
13005,,,1,Consume,ConEquipStore,ConEquipStore,-1,-1,-1,6,6,0,0,6000
13006,,,1,Consume,ConEquipStore,ConEquipStore,-1,-1,-1,7,7,0,0,7000
13007,,,1,Consume,ConEquipStore,ConEquipStore,-1,-1,-1,8,8,0,0,8000
13008,,,1,Consume,ConEquipStore,ConEquipStore,-1,-1,-1,9,9,0,0,9000
13009,,,1,Consume,ConEquipStore,ConEquipStore,-1,-1,-1,10,10,0,0,10000
13010,,,1,Consume,ConEquipStore,ConEquipStore,-1,-1,-1,11,11,0,0,11000
13011,,,1,Consume,ConEquipStore,ConEquipStore,-1,-1,-1,12,12,0,0,12000
13012,,,1,Consume,ConEquipStore,ConEquipStore,-1,-1,-1,13,13,0,0,13000
13013,,,1,Consume,ConEquipStore,ConEquipStore,-1,-1,-1,14,14,0,0,14000
13014,,,1,Consume,ConEquipStore,ConEquipStore,-1,-1,-1,15,15,0,0,15000
13015,,,1,Consume,ConEquipStore,ConEquipStore,-1,-1,-1,16,16,0,0,16000
13016,,,1,Consume,ConEquipStore,ConEquipStore,-1,-1,-1,17,17,0,0,17000
13017,,,1,Consume,ConEquipStore,ConEquipStore,-1,-1,-1,18,18,0,0,18000
13018,,,1,Consume,ConEquipStore,ConEquipStore,-1,-1,-1,19,19,0,0,19000
13019,,,1,Consume,ConEquipStore,ConEquipStore,-1,-1,-1,20,20,0,0,20000
13020,,,1,Consume,ConEquipStore,ConEquipStore,-1,-1,-1,22,21,0,0,22000
13021,,,1,Consume,ConEquipStore,ConEquipStore,-1,-1,-1,24,22,0,0,24000
13022,,,1,Consume,ConEquipStore,ConEquipStore,-1,-1,-1,26,23,0,0,26000
13023,,,1,Consume,ConEquipStore,ConEquipStore,-1,-1,-1,28,24,0,0,28000
13024,,,1,Consume,ConEquipStore,ConEquipStore,-1,-1,-1,30,25,0,0,30000
13025,,,1,Consume,ConEquipStore,ConEquipStore,-1,-1,-1,32,26,0,0,32000
13026,,,1,Consume,ConEquipStore,ConEquipStore,-1,-1,-1,34,27,0,0,34000
13027,,,1,Consume,ConEquipStore,ConEquipStore,-1,-1,-1,36,28,0,0,36000
13028,,,1,Consume,ConEquipStore,ConEquipStore,-1,-1,-1,38,29,0,0,38000
13029,,,1,Consume,ConEquipStore,ConEquipStore,-1,-1,-1,40,30,0,0,40000
13030,,,1,Consume,ConEquipStore,ConEquipStore,-1,-1,-1,42,31,0,0,42000
13031,,,1,Consume,ConEquipStore,ConEquipStore,-1,-1,-1,44,32,0,0,44000
13032,,,1,Consume,ConEquipStore,ConEquipStore,-1,-1,-1,46,33,0,0,46000
13033,,,1,Consume,ConEquipStore,ConEquipStore,-1,-1,-1,48,34,0,0,48000
13034,,,1,Consume,ConEquipStore,ConEquipStore,-1,-1,-1,50,35,0,0,50000
13035,,,1,Consume,ConEquipStore,ConEquipStore,-1,-1,-1,52,36,0,0,55000
13036,,,1,Consume,ConEquipStore,ConEquipStore,-1,-1,-1,54,37,0,0,60000
13037,,,1,Consume,ConEquipStore,ConEquipStore,-1,-1,-1,56,38,0,0,65000
13038,,,1,Consume,ConEquipStore,ConEquipStore,-1,-1,-1,58,39,0,0,70000
13039,,,1,Consume,ConEquipStore,ConEquipStore,-1,-1,-1,60,40,0,0,75000
13040,,,1,Consume,ConEquipStore,ConEquipStore,-1,-1,-1,62,41,0,0,80000
13041,,,1,Consume,ConEquipStore,ConEquipStore,-1,-1,-1,64,42,0,0,85000
13042,,,1,Consume,ConEquipStore,ConEquipStore,-1,-1,-1,66,43,0,0,90000
13043,,,1,Consume,ConEquipStore,ConEquipStore,-1,-1,-1,68,44,0,0,95000
13044,,,1,Consume,ConEquipStore,ConEquipStore,-1,-1,-1,70,45,0,0,100000
13045,,,1,Consume,ConEquipStore,ConEquipStore,-1,-1,-1,72,46,0,0,105000
13046,,,1,Consume,ConEquipStore,ConEquipStore,-1,-1,-1,74,47,0,0,110000
13047,,,1,Consume,ConEquipStore,ConEquipStore,-1,-1,-1,76,48,0,0,115000
13048,,,1,Consume,ConEquipStore,ConEquipStore,-1,-1,-1,78,49,0,0,120000
13049,,,1,Consume,ConEquipStore,ConEquipStore,-1,-1,-1,80,50,0,0,125000
